<?xml version="1.0" encoding="UTF-8"?>
<nrml xmlns:gml="http://www.opengis.net/gml"
      xmlns="http://openquake.org/xmlns/nrml/0.4">

    <logicTree logicTreeID="lt1">
        <logicTreeBranchingLevel branchingLevelID="bl1">
            <logicTreeBranchSet uncertaintyType="sourceModel"
                                branchSetID="bs1">

                <logicTreeBranch branchID="b1">
                    <uncertaintyModel>../simplifiedModel/WCan_H2east_Harctic_simplified_collapsedRates.xml</uncertaintyModel>
                    <uncertaintyWeight>0.24</uncertaintyWeight>
                </logicTreeBranch>
				
                <logicTreeBranch branchID="b2">
                    <uncertaintyModel>../simplifiedModel/WCan_H2east_Rarctic_simplified_collapsedRates.xml</uncertaintyModel>
                    <uncertaintyWeight>0.16</uncertaintyWeight>
                </logicTreeBranch>

                <logicTreeBranch branchID="b3">
                    <uncertaintyModel>../simplifiedModel/WCan_HYeast_Harctic_simplified_collapsedRates.xml</uncertaintyModel>
                    <uncertaintyWeight>0.24</uncertaintyWeight>
                </logicTreeBranch>
				
                <logicTreeBranch branchID="b4">
                    <uncertaintyModel>../simplifiedModel/WCan_HYeast_Rarctic_simplified_collapsedRates.xml</uncertaintyModel>
                    <uncertaintyWeight>0.16</uncertaintyWeight>
                </logicTreeBranch>

                <logicTreeBranch branchID="b5">
                    <uncertaintyModel>../simplifiedModel/WCan_R2east_Harctic_simplified_collapsedRates.xml</uncertaintyModel>
                    <uncertaintyWeight>0.12</uncertaintyWeight>
                </logicTreeBranch>
				
                <logicTreeBranch branchID="b6">
                    <uncertaintyModel>../simplifiedModel/WCan_R2east_Rarctic_simplified_collapsedRates.xml</uncertaintyModel>
                    <uncertaintyWeight>0.08</uncertaintyWeight>
                </logicTreeBranch>

            </logicTreeBranchSet>
        </logicTreeBranchingLevel>
    </logicTree>
</nrml>