#,,,,,,,"generated_by='OpenQuake engine 3.11.3-git0cccb86798', start_date='2021-06-23T19:20:46', checksum=2938527266, investigation_time=1.0, risk_investigation_time=1.0"
event_id,contents,nonstructural,occupants,structural,rlz_id,rup_id,year
0,1.84806E+05,3.37318E+05,2.98092E-05,5.94536E+04,0,0,1
1,2.83057E+04,2.70991E+04,0.00000E+00,5.55691E+03,0,1,1
2,5.16843E+04,5.67384E+04,0.00000E+00,3.04371E+03,0,2,1
3,3.64055E+04,3.02234E+04,0.00000E+00,1.43358E+04,1,3,1
10,3.41178E+04,4.22451E+04,0.00000E+00,2.68415E+03,0,10,1
32,0.00000E+00,0.00000E+00,0.00000E+00,3.13162E+02,1,27,1
35,0.00000E+00,0.00000E+00,0.00000E+00,0.00000E+00,1,30,1
50,0.00000E+00,0.00000E+00,0.00000E+00,4.19103E+03,1,43,1
64,2.59427E+04,2.94821E+04,0.00000E+00,1.17875E+03,1,54,1
74,7.56093E+05,1.47440E+06,1.00562E-03,3.58433E+05,1,63,1
76,1.33330E+05,1.51326E+05,0.00000E+00,3.05790E+04,0,65,1
81,1.35971E+06,2.89628E+06,1.40381E-02,1.15529E+06,0,70,1
89,2.99926E+05,3.18720E+05,0.00000E+00,6.80513E+04,0,78,1
93,2.12844E+05,1.89319E+05,0.00000E+00,4.05202E+04,0,82,1
94,9.86743E+05,1.72513E+06,9.17228E-04,4.94456E+05,0,83,1
95,1.90278E+06,3.72995E+06,2.39736E-01,1.02374E+06,0,84,1
98,1.81039E+05,2.69373E+05,0.00000E+00,3.69601E+04,0,87,1
100,2.77790E+06,9.57341E+06,4.70764E-02,3.97688E+06,0,89,1
103,5.58674E+04,5.04439E+04,0.00000E+00,1.16126E+04,0,92,1
104,1.42552E+05,1.50874E+05,0.00000E+00,2.85361E+04,0,93,1
106,3.65352E+04,4.63817E+04,0.00000E+00,3.26999E+03,0,95,1
111,4.84410E+05,9.18401E+05,6.36980E-04,2.16375E+05,0,100,1
112,3.55849E+03,3.31065E+03,0.00000E+00,0.00000E+00,0,101,1
113,2.48230E+04,2.18111E+04,0.00000E+00,7.80016E+02,0,102,1
114,3.44991E+04,4.93436E+04,0.00000E+00,1.80337E+03,0,103,1
116,7.45070E+05,1.71505E+06,1.15095E-03,4.96395E+05,0,105,1
118,1.55544E+04,1.51406E+04,0.00000E+00,5.30762E+03,0,107,1
119,5.96220E+05,1.24795E+06,5.65701E-03,3.46304E+05,0,108,1
124,7.37180E+06,3.33852E+07,3.72998E+00,2.06353E+07,0,113,1
126,6.86317E+05,1.46848E+06,5.58048E-03,4.63543E+05,0,115,1
137,3.85806E+04,2.93857E+04,0.00000E+00,1.52277E+04,0,126,1
138,1.83345E+06,4.76872E+06,1.46984E-02,1.69718E+06,0,127,1
145,1.55179E+06,4.83395E+06,2.34920E-01,1.73874E+06,0,134,1
156,1.94204E+06,4.74717E+06,3.29600E-02,1.86100E+06,0,145,1
163,3.57871E+06,1.34705E+07,1.59738E-01,7.21716E+06,0,152,1
168,2.00930E+04,2.15325E+04,0.00000E+00,5.31390E+02,0,157,1
173,5.96774E+04,9.75921E+04,3.43625E-05,3.34833E+04,0,162,1
174,1.42039E+06,3.68701E+06,9.35148E-03,1.14802E+06,0,163,1
176,2.74488E+05,2.77717E+05,0.00000E+00,5.86271E+04,0,165,1
185,1.03319E+03,1.45517E+03,0.00000E+00,0.00000E+00,0,174,1
186,5.61831E+05,1.08634E+06,5.05690E-04,2.50816E+05,0,175,1
192,2.24959E+05,2.41636E+05,0.00000E+00,4.35032E+04,0,181,1
196,1.33775E+04,1.32372E+04,0.00000E+00,1.19458E+03,0,185,1
199,1.95241E+03,2.06867E+03,0.00000E+00,0.00000E+00,0,188,1
208,2.53554E+05,2.80707E+05,0.00000E+00,5.02310E+04,0,197,1
213,7.69937E+03,7.62348E+03,0.00000E+00,2.49657E+01,0,202,1
220,1.41466E+04,1.07668E+04,0.00000E+00,9.60307E+03,0,209,1
256,2.12385E+04,2.19011E+04,0.00000E+00,1.14321E+04,0,245,1
284,2.73294E+05,2.84739E+05,0.00000E+00,5.43240E+04,1,273,1
285,1.65593E+06,6.05383E+06,4.17418E-02,2.07877E+06,1,274,1
290,1.73468E+04,1.77502E+04,0.00000E+00,5.97028E+03,1,279,1
292,4.93514E+05,7.74032E+05,6.89430E-05,1.50642E+05,1,281,1
295,1.48450E+06,3.18442E+06,2.81565E-02,1.12731E+06,1,283,1
297,9.45573E+03,1.35671E+04,0.00000E+00,2.16228E+01,1,285,1
298,2.01972E+04,2.16654E+04,0.00000E+00,5.40466E+02,1,286,1
305,1.01741E+05,1.13607E+05,0.00000E+00,1.06038E+04,1,293,1
311,3.97643E+04,3.43666E+04,0.00000E+00,1.54692E+03,1,299,1
314,1.03321E+06,3.29703E+06,7.69780E-02,1.54773E+06,1,302,1
315,9.08837E+05,1.50725E+06,2.11424E-04,4.04386E+05,1,303,1
318,1.33689E+05,1.45354E+05,0.00000E+00,2.81099E+04,1,306,1
319,2.04216E+05,2.73909E+05,0.00000E+00,3.80963E+04,1,307,1
321,1.13854E+05,1.32456E+05,9.52000E-06,3.57739E+04,1,309,1
326,5.23202E+04,4.96582E+04,0.00000E+00,3.61236E+03,1,314,1
327,1.34063E+05,1.62036E+05,0.00000E+00,3.48161E+04,1,315,1
329,1.77315E+06,4.95764E+06,2.15585E-02,1.72756E+06,1,317,1
335,1.32172E+05,1.73204E+05,0.00000E+00,2.11878E+04,1,323,1
336,3.31013E+05,3.98810E+05,4.26554E-05,8.22026E+04,1,324,1
340,4.45222E+04,7.42672E+04,0.00000E+00,7.35297E+03,1,328,1
342,3.41969E+05,3.77536E+05,1.51525E-04,7.09521E+04,1,330,1
346,7.95565E+04,1.16734E+05,1.76353E-05,4.06034E+04,1,334,1
348,1.88331E+06,5.38788E+06,2.49735E-02,2.66749E+06,1,336,1
350,0.00000E+00,0.00000E+00,0.00000E+00,0.00000E+00,1,338,1
351,8.60617E+05,3.12359E+06,1.78442E-02,9.28493E+05,1,339,1
356,1.77774E+05,1.65647E+05,0.00000E+00,3.64577E+04,1,344,1
360,2.76247E+03,1.98466E+03,0.00000E+00,1.65041E+03,1,348,1
362,6.49107E+04,5.19164E+04,0.00000E+00,1.59814E+04,1,350,1
365,3.03386E+04,5.20119E+04,0.00000E+00,4.78766E+03,1,353,1
379,0.00000E+00,0.00000E+00,0.00000E+00,3.38976E+03,1,367,1
388,5.02103E+04,8.06439E+04,0.00000E+00,8.56063E+03,1,376,1
409,3.76635E+04,5.18040E+04,0.00000E+00,1.31855E+03,1,397,1
473,0.00000E+00,0.00000E+00,0.00000E+00,2.57235E+03,1,461,1
474,2.72862E+03,3.85661E+03,0.00000E+00,0.00000E+00,1,462,1
489,1.14800E+06,3.33793E+06,7.17730E-02,9.94518E+05,0,477,1
490,1.82363E+06,5.60372E+06,7.46826E-02,2.44646E+06,0,478,1
491,1.60329E+06,4.14221E+06,5.13635E-02,2.12305E+06,0,479,1
492,1.06910E+05,1.30963E+05,1.02168E-01,4.92348E+04,0,480,1
493,8.17967E+05,2.01371E+06,9.63099E-03,6.36897E+05,0,480,1
494,1.44286E+06,3.04372E+06,4.12943E-03,1.05549E+06,0,481,1
495,2.22237E+06,8.93462E+06,5.25477E-01,3.73281E+06,0,482,1
496,8.80359E+05,2.45133E+06,1.53265E-01,8.09087E+05,0,483,1
497,1.10021E+06,1.96592E+06,5.17753E-03,5.40636E+05,0,483,1
498,1.80970E+06,4.75715E+06,1.47765E-02,1.64666E+06,0,484,1
499,2.53854E+06,7.91524E+06,3.11066E-02,3.36766E+06,1,485,1
500,3.86951E+06,1.31065E+07,1.63567E-01,7.61901E+06,1,486,1
501,8.90602E+05,1.44976E+06,5.34454E-04,4.78880E+05,1,487,1
502,1.83675E+06,5.72250E+06,1.49053E-01,2.74827E+06,1,488,1
503,3.19437E+06,1.06154E+07,1.38924E-01,4.66246E+06,1,488,1
504,3.16430E+05,6.48980E+05,2.18895E-04,1.67983E+05,1,489,1
505,2.40177E+06,4.91341E+06,1.31958E-02,1.50090E+06,1,490,1
506,1.24434E+06,2.09591E+06,1.26912E-03,6.63940E+05,1,491,1
507,6.94388E+05,1.54283E+06,5.61651E-03,5.09778E+05,1,492,1
536,6.63945E+04,1.01914E+05,0.00000E+00,8.85725E+03,0,521,1
570,3.37461E+03,4.77908E+03,0.00000E+00,0.00000E+00,0,554,1
586,1.63942E+04,1.65469E+04,7.30039E-04,6.29990E+03,0,570,1
650,1.16810E+05,1.34050E+05,0.00000E+00,2.29308E+04,1,634,1
659,0.00000E+00,0.00000E+00,0.00000E+00,0.00000E+00,1,643,1
823,3.80611E+05,4.57998E+05,0.00000E+00,8.86064E+04,0,807,1
840,1.22228E+05,2.81176E+05,5.16200E-05,5.34970E+04,0,824,1
870,2.25224E+03,3.18537E+03,0.00000E+00,0.00000E+00,0,854,1
917,1.35860E+03,9.83000E+02,0.00000E+00,0.00000E+00,0,900,1
1013,0.00000E+00,0.00000E+00,0.00000E+00,0.00000E+00,1,996,1
1209,1.38113E+03,1.94716E+03,0.00000E+00,0.00000E+00,0,1192,1
1210,1.94857E+04,3.06650E+04,0.00000E+00,4.37170E+03,0,1193,1
1220,4.24185E+05,5.66916E+05,1.24461E-04,1.27849E+05,0,1203,1
1225,3.36220E+03,4.34577E+03,0.00000E+00,0.00000E+00,0,1208,1
1226,7.85376E+04,1.84009E+05,2.58100E-05,3.00522E+04,0,1209,1
1227,4.26197E+04,7.16774E+04,0.00000E+00,5.68024E+03,0,1210,1
1228,4.61245E+05,5.24456E+05,1.50775E-05,9.92500E+04,0,1211,1
1229,2.64043E+05,5.27876E+05,1.81245E-04,1.32633E+05,0,1211,1
1230,8.98385E+05,1.62524E+06,3.38322E-03,4.69642E+05,0,1212,1
1232,0.00000E+00,0.00000E+00,0.00000E+00,4.99599E+03,0,1214,1
1233,5.61133E+05,1.19977E+06,3.28513E-03,4.34408E+05,0,1215,1
1236,2.21353E+03,1.59570E+03,0.00000E+00,0.00000E+00,0,1217,1
1237,2.39727E+04,2.66869E+04,0.00000E+00,9.20213E+02,0,1218,1
1238,1.69328E+04,1.54259E+04,0.00000E+00,4.30388E+03,0,1219,1
1242,1.02463E+06,1.40929E+06,5.32000E-06,1.78817E+05,0,1223,1
1243,1.03746E+06,2.02396E+06,7.49231E-04,4.91117E+05,0,1224,1
1245,3.50576E+05,4.50703E+05,3.91085E-04,9.64586E+04,0,1226,1
1264,2.52255E+05,2.93296E+05,0.00000E+00,5.00821E+04,0,1245,1
1271,0.00000E+00,0.00000E+00,0.00000E+00,0.00000E+00,0,1252,1
1273,1.41882E+04,1.12049E+04,0.00000E+00,9.60787E+03,0,1254,1
1274,0.00000E+00,0.00000E+00,0.00000E+00,4.86007E+03,0,1255,1
1276,0.00000E+00,0.00000E+00,0.00000E+00,0.00000E+00,0,1257,1
1277,9.75861E+04,1.45754E+05,0.00000E+00,6.53753E+03,0,1258,1
1278,4.25984E+05,4.97963E+05,5.60650E-06,2.54932E+05,0,1259,1
1279,2.32334E+05,2.24846E+05,0.00000E+00,5.11004E+04,0,1260,1
1282,2.33916E+05,2.26937E+05,0.00000E+00,5.14503E+04,0,1263,1
1283,7.01517E+02,8.07583E+03,0.00000E+00,5.92314E+03,0,1264,1
1292,2.91862E+04,3.03743E+04,0.00000E+00,3.66437E+03,0,1273,1
1297,3.86264E+02,2.78983E+02,0.00000E+00,6.70167E+02,0,1278,1
1298,1.24844E+05,3.00124E+05,5.32000E-06,3.87636E+04,0,1279,1
1301,3.67553E+01,1.45780E+03,0.00000E+00,2.39080E+03,0,1282,1
1304,0.00000E+00,0.00000E+00,0.00000E+00,0.00000E+00,0,1285,1
1309,6.74023E+04,6.75167E+04,0.00000E+00,4.48275E+03,0,1289,1
1317,5.64548E+03,4.32726E+03,0.00000E+00,6.59205E+03,0,1297,1
1327,4.15969E+02,3.00848E+02,0.00000E+00,6.90640E+02,0,1306,1
1329,1.89910E+01,1.79136E+02,0.00000E+00,2.99570E+02,0,1308,1
1337,5.67697E+05,9.25962E+05,4.83829E-05,2.69660E+05,0,1316,1
1346,4.15618E+04,3.71147E+04,0.00000E+00,1.41013E+04,0,1324,1
1353,5.04986E+04,5.32293E+04,0.00000E+00,1.63606E+04,0,1331,1
1364,1.05857E+04,1.33566E+04,0.00000E+00,6.73059E+01,0,1342,1
1377,9.70949E+02,6.96614E+02,0.00000E+00,9.93971E+02,0,1355,1
1383,1.11978E+05,1.44894E+05,0.00000E+00,2.18588E+04,0,1361,1
1384,2.77230E+05,3.13289E+05,0.00000E+00,4.90223E+04,0,1362,1
1385,9.80532E+04,1.23462E+05,1.00298E-05,2.05276E+04,0,1363,1
1392,3.52395E+03,2.53018E+03,0.00000E+00,1.36449E+03,0,1369,1
1393,5.99107E+04,8.59257E+04,0.00000E+00,1.23034E+04,0,1370,1
1397,1.72068E+03,1.23345E+03,0.00000E+00,1.29861E+03,0,1374,1
1408,1.27420E+05,1.88766E+05,0.00000E+00,2.04855E+04,0,1385,1
1409,9.52889E+05,3.91314E+06,2.88313E-02,1.31080E+06,0,1386,1
1411,1.68387E+05,1.44394E+05,0.00000E+00,3.37035E+04,0,1388,1
1414,5.37320E+04,7.19620E+04,0.00000E+00,5.11402E+03,0,1391,1
1421,1.07193E+03,1.11258E+03,0.00000E+00,0.00000E+00,0,1398,1
1429,1.04028E+06,2.10480E+06,1.70500E-03,7.63026E+05,0,1405,1
1440,4.87791E+04,4.50634E+04,0.00000E+00,2.91097E+03,0,1416,1
1443,1.75230E+04,1.68990E+04,0.00000E+00,5.47660E+03,0,1419,1
1445,1.73783E+04,1.77968E+04,0.00000E+00,5.98231E+03,0,1421,1
1450,1.28512E+03,1.33093E+03,0.00000E+00,0.00000E+00,0,1426,1
1455,1.34158E+03,1.39347E+03,0.00000E+00,0.00000E+00,0,1431,1
1458,1.48390E+04,1.41434E+04,0.00000E+00,5.06727E+03,0,1434,1
1464,1.43048E+05,1.52650E+05,0.00000E+00,2.35182E+04,0,1440,1
1466,6.08361E+04,1.32313E+05,0.00000E+00,1.02840E+04,0,1442,1
1468,2.18020E+04,2.50701E+04,0.00000E+00,8.10593E+03,0,1444,1
1470,1.54268E+05,1.27729E+05,2.07252E-05,3.19279E+04,0,1446,1
1496,3.11366E+04,4.57607E+04,0.00000E+00,2.23782E+03,0,1470,1
1508,2.19882E+05,2.08388E+05,0.00000E+00,4.83467E+04,0,1482,1
1509,1.79676E+04,2.85278E+04,0.00000E+00,3.11666E+03,0,1483,1
1510,8.84750E+05,1.50725E+06,3.05892E-03,4.98185E+05,0,1484,1
1511,1.10325E+06,2.32080E+06,1.75060E-01,6.08800E+05,0,1485,1
1522,0.00000E+00,0.00000E+00,0.00000E+00,3.11158E+02,0,1496,1
1523,9.51621E+04,1.61090E+05,0.00000E+00,1.17699E+04,0,1497,1
1530,8.31068E+04,6.50081E+04,0.00000E+00,2.30490E+04,0,1503,1
1536,5.73215E+04,5.64111E+04,0.00000E+00,4.74767E+03,0,1509,1
1538,4.50898E+05,5.52929E+05,0.00000E+00,1.02293E+05,0,1511,1
1545,8.51703E+03,8.45824E+03,0.00000E+00,3.16261E+01,0,1518,1
1555,2.90433E+05,2.88395E+05,0.00000E+00,5.41943E+04,0,1528,1
1562,2.12687E+03,3.98393E+03,0.00000E+00,1.52702E+03,0,1535,1
1590,9.08262E+03,1.11928E+04,0.00000E+00,1.37993E+03,0,1561,1
1599,0.00000E+00,0.00000E+00,0.00000E+00,0.00000E+00,0,1570,1
1601,5.42700E+04,5.22183E+04,0.00000E+00,4.01754E+03,0,1572,1
1608,2.12594E+05,2.00919E+05,0.00000E+00,4.19552E+04,0,1578,1
1614,3.25560E+04,5.48737E+04,0.00000E+00,1.55117E+03,0,1584,1
1616,2.06498E+03,1.48068E+03,0.00000E+00,1.42209E+03,0,1586,1
1626,4.32243E+05,4.86106E+05,0.00000E+00,9.15151E+04,0,1596,1
1635,3.72158E+04,3.29198E+04,0.00000E+00,7.78378E+03,0,1605,1
1642,4.03010E+04,3.42240E+04,0.00000E+00,1.54425E+04,0,1612,1
1643,1.01456E+06,2.25107E+06,1.47225E-02,7.73795E+05,0,1613,1
1658,1.06807E+05,1.83582E+05,3.12581E-05,2.94290E+04,0,1628,1
1667,2.10732E+05,2.55630E+05,1.57000E-05,5.24436E+04,0,1637,1
1673,3.11233E+04,3.97786E+04,0.00000E+00,4.50731E+03,0,1643,1
1689,1.28146E+05,1.06279E+05,0.00000E+00,3.02809E+04,0,1659,1
1694,2.83364E+05,3.30545E+05,0.00000E+00,5.76031E+04,0,1664,1
1695,2.30139E+04,3.06379E+04,0.00000E+00,2.89262E+03,0,1665,1
1705,1.40152E+03,1.44442E+03,0.00000E+00,0.00000E+00,0,1675,1
1708,5.68553E+04,1.10664E+05,0.00000E+00,1.27182E+04,0,1678,1
1716,2.75664E+04,3.91946E+04,0.00000E+00,1.90675E+03,0,1686,1
1717,4.51242E+04,5.70569E+04,0.00000E+00,5.80241E+03,0,1687,1
1739,5.94400E+04,1.07113E+05,0.00000E+00,1.96148E+05,0,1708,1
1800,8.79913E+02,6.69730E+02,0.00000E+00,9.48923E+02,0,1769,1
1805,9.89053E+04,1.19473E+05,0.00000E+00,4.35890E+03,0,1774,1
1814,2.03609E+04,1.69488E+04,0.00000E+00,7.30155E+03,0,1783,1
1837,0.00000E+00,0.00000E+00,0.00000E+00,3.06259E+02,0,1806,1
1849,5.06623E+03,3.86867E+03,0.00000E+00,6.32439E+03,0,1818,1
1945,3.92832E+04,6.82976E+04,0.00000E+00,1.21166E+04,0,1912,1
2027,0.00000E+00,0.00000E+00,0.00000E+00,6.21918E+02,0,1994,1
2080,1.94724E+03,1.40337E+03,0.00000E+00,0.00000E+00,0,2047,1
2117,8.61606E+03,6.56676E+03,0.00000E+00,7.80182E+03,0,2084,1
2221,0.00000E+00,0.00000E+00,0.00000E+00,2.28444E+03,0,2186,1
2324,2.01499E+04,3.04549E+04,0.00000E+00,3.42365E+04,0,2287,1
2328,0.00000E+00,0.00000E+00,0.00000E+00,1.48163E+02,1,2291,1
2335,1.03982E+03,1.07054E+03,0.00000E+00,0.00000E+00,1,2298,1
2338,1.08122E+05,1.86000E+05,2.20992E-06,2.06446E+04,1,2301,1
2339,4.34841E+05,5.07752E+05,0.00000E+00,1.08693E+05,1,2302,1
2342,5.67147E+04,8.66204E+04,0.00000E+00,1.10676E+04,1,2305,1
2343,2.40036E+03,1.48500E+04,0.00000E+00,3.50083E+03,1,2306,1
2344,7.42992E+05,1.14037E+06,9.48762E-05,2.81075E+05,1,2307,1
2348,5.15952E+04,3.94808E+04,0.00000E+00,1.76575E+04,1,2311,1
2354,2.42017E+03,2.43918E+03,0.00000E+00,0.00000E+00,1,2317,1
2357,6.59331E+04,5.50471E+04,0.00000E+00,1.93031E+04,1,2320,1
2364,3.34971E+05,3.79230E+05,0.00000E+00,8.25445E+04,1,2327,1
2368,4.50232E+04,4.06130E+04,0.00000E+00,1.87863E+03,1,2330,1
2369,2.08167E+05,1.93793E+05,0.00000E+00,4.61135E+04,1,2331,1
2372,1.16354E+04,1.00985E+04,0.00000E+00,4.19463E+03,1,2334,1
2373,1.69406E+05,2.00740E+05,0.00000E+00,3.89135E+04,1,2335,1
2375,1.86825E+03,1.97602E+03,0.00000E+00,0.00000E+00,1,2337,1
2381,3.25371E+04,4.86646E+04,0.00000E+00,2.56485E+03,1,2343,1
2382,1.32980E+06,2.57621E+06,1.55313E-03,8.19231E+05,1,2344,1
2392,5.82309E+05,7.84748E+05,5.53532E-05,1.58678E+05,1,2354,1
2402,1.84752E+05,2.90889E+05,0.00000E+00,3.55167E+04,1,2364,1
2403,1.01180E+05,9.54664E+04,1.75342E-03,1.87104E+04,1,2365,1
2416,2.26252E+04,3.02687E+04,0.00000E+00,8.06585E+03,1,2377,1
2419,3.92071E+05,5.40757E+05,1.62774E-03,9.34644E+04,1,2380,1
2421,1.05408E+05,1.31113E+05,0.00000E+00,5.60242E+03,1,2382,1
2429,4.03516E+04,6.62552E+04,0.00000E+00,4.87744E+03,1,2389,1
2430,3.37392E+04,7.02030E+04,4.27354E-06,1.95939E+04,1,2390,1
2436,1.22221E+04,1.07871E+04,0.00000E+00,4.33121E+03,1,2396,1
2437,0.00000E+00,0.00000E+00,0.00000E+00,0.00000E+00,1,2397,1
2438,5.75783E+05,1.15512E+06,1.19328E-03,2.88784E+05,1,2398,1
2442,5.83544E+04,5.30785E+04,0.00000E+00,3.37237E+03,1,2402,1
2445,0.00000E+00,0.00000E+00,0.00000E+00,4.88258E+03,1,2405,1
2460,2.96875E+05,4.95796E+05,1.51570E-04,8.37785E+04,1,2420,1
2475,1.76276E+05,1.71989E+05,0.00000E+00,3.37201E+04,1,2434,1
2479,2.05180E+04,2.06475E+04,0.00000E+00,1.12459E+04,1,2438,1
2489,4.96063E+04,4.60939E+04,0.00000E+00,3.05525E+03,1,2448,1
2491,3.29859E+04,5.58410E+04,0.00000E+00,1.62292E+03,1,2450,1
2493,4.99501E+04,7.30936E+04,0.00000E+00,1.76248E+03,1,2452,1
2496,1.45975E+05,1.86795E+05,0.00000E+00,3.64590E+04,1,2455,1
2502,6.41129E+03,9.28511E+03,0.00000E+00,1.55715E+02,1,2461,1
2510,1.36214E+04,1.24226E+04,0.00000E+00,1.22471E+01,1,2469,1
2527,4.31580E+05,6.47050E+05,3.60696E-03,2.03552E+05,1,2485,1
2530,0.00000E+00,0.00000E+00,0.00000E+00,0.00000E+00,1,2488,1
2533,1.03779E+05,1.73206E+05,0.00000E+00,1.02150E+04,1,2491,1
2545,5.55600E+05,1.57221E+06,4.82158E-03,4.97744E+05,1,2503,1
2553,2.53285E+05,4.17427E+05,5.32000E-06,7.50182E+04,1,2511,1
2557,3.69678E+05,4.80651E+05,2.58100E-05,8.09653E+04,1,2515,1
2577,9.27285E+05,1.61729E+06,1.78511E-03,4.41491E+05,1,2535,1
2580,6.54550E+04,9.99635E+04,0.00000E+00,1.27764E+04,1,2538,1
2581,9.03936E+04,1.10061E+05,9.36583E-04,2.02405E+04,1,2539,1
2584,1.95204E+05,2.88517E+05,0.00000E+00,2.46213E+04,1,2542,1
2585,1.85214E+05,1.68252E+05,3.26706E-04,3.19244E+04,1,2543,1
2586,3.44626E+05,3.92706E+05,5.32000E-06,7.93324E+04,1,2544,1
2591,0.00000E+00,0.00000E+00,0.00000E+00,0.00000E+00,1,2549,1
2599,1.31507E+05,2.12080E+05,6.85572E-04,4.84201E+04,1,2557,1
2614,5.29240E+04,4.85652E+04,0.00000E+00,1.75320E+04,1,2572,1
2627,5.46942E+05,8.07515E+05,3.35254E-03,1.71699E+05,1,2585,1
2635,5.04628E+03,3.85288E+03,0.00000E+00,6.31517E+03,1,2593,1
2637,2.06549E+05,2.63704E+05,0.00000E+00,4.09055E+04,1,2595,1
2643,2.50893E+04,3.04574E+04,0.00000E+00,8.17371E+03,1,2601,1
2644,8.71918E+03,9.72935E+03,0.00000E+00,5.36526E+03,1,2602,1
2645,1.81543E+05,1.66758E+05,0.00000E+00,3.53411E+04,1,2603,1
2648,3.22250E+05,3.26532E+05,0.00000E+00,6.39807E+04,1,2606,1
2652,9.15662E+03,9.10305E+03,0.00000E+00,4.02685E+01,1,2610,1
2659,3.84409E+04,6.17055E+04,0.00000E+00,4.21627E+03,1,2617,1
2660,5.23049E+05,7.40476E+05,5.32000E-06,1.46894E+05,1,2618,1
2685,6.93057E+03,9.29694E+03,0.00000E+00,2.54095E+03,1,2643,1
2700,1.93359E+04,1.57548E+04,0.00000E+00,4.26187E+03,1,2658,1
2716,3.94859E+04,3.44953E+04,0.00000E+00,1.32500E+04,1,2674,1
2717,1.06282E+05,1.93291E+05,0.00000E+00,2.56525E+04,1,2675,1
2720,9.62766E+04,7.68125E+04,0.00000E+00,2.48390E+04,1,2678,1
2733,5.30404E+04,6.55689E+04,0.00000E+00,4.69682E+03,1,2691,1
2738,1.46691E+05,2.37255E+05,0.00000E+00,2.32587E+04,1,2696,1
2752,1.02351E+04,1.18855E+04,0.00000E+00,5.86247E+01,1,2710,1
2764,2.97295E+03,4.21100E+03,0.00000E+00,0.00000E+00,1,2722,1
2765,0.00000E+00,0.00000E+00,0.00000E+00,0.00000E+00,1,2723,1
2768,3.09015E+05,6.27526E+05,7.12661E-04,2.07697E+05,1,2726,1
2779,1.11627E+05,9.67631E+04,4.38359E-05,2.55004E+04,1,2737,1
2787,1.45111E+05,1.84097E+05,1.57000E-05,2.94532E+04,1,2745,1
2793,3.27795E+05,3.74962E+05,1.57000E-05,7.20892E+04,1,2751,1
2794,1.19806E+04,1.10991E+04,0.00000E+00,1.09045E+04,1,2752,1
2802,4.15396E+05,6.78162E+05,5.35716E-05,1.19500E+05,1,2760,1
2818,3.18865E+04,3.77337E+04,0.00000E+00,2.99057E+03,1,2776,1
2826,5.84259E+04,1.09128E+05,0.00000E+00,1.20056E+04,1,2784,1
2829,3.40701E+04,2.65444E+04,0.00000E+00,1.38013E+04,1,2787,1
2834,1.04092E+06,1.88860E+06,1.91730E-03,5.04279E+05,1,2791,1
2842,2.06379E+05,1.91567E+05,0.00000E+00,4.57736E+04,1,2799,1
2844,2.28608E+04,3.54816E+04,0.00000E+00,4.93832E+02,1,2801,1
2874,0.00000E+00,0.00000E+00,0.00000E+00,5.60947E+03,1,2831,1
2889,8.28261E+04,7.15347E+04,0.00000E+00,2.09242E+04,1,2846,1
2894,3.79094E+05,4.74274E+05,8.50478E-05,1.04882E+05,1,2851,1
2910,0.00000E+00,0.00000E+00,0.00000E+00,3.08585E+03,1,2867,1
2920,0.00000E+00,0.00000E+00,0.00000E+00,3.38812E+02,1,2877,1
2956,3.43678E+04,3.36173E+04,0.00000E+00,1.22712E+04,1,2913,1
2961,1.71840E+03,1.23184E+03,0.00000E+00,1.29779E+03,1,2918,1
3014,6.22402E+03,5.37161E+03,0.00000E+00,6.30029E+02,1,2971,1
3024,0.00000E+00,0.00000E+00,0.00000E+00,0.00000E+00,1,2981,1
3066,6.75554E+04,5.40774E+04,0.00000E+00,2.02214E+04,1,3022,1
3198,1.08081E+04,1.09086E+04,0.00000E+00,8.56607E+03,1,3154,1
3237,0.00000E+00,0.00000E+00,0.00000E+00,0.00000E+00,1,3193,1
3262,0.00000E+00,0.00000E+00,0.00000E+00,0.00000E+00,1,3217,1
3267,4.85713E+03,4.81261E+03,0.00000E+00,4.00276E+00,1,3222,1
3302,2.52126E+04,1.97153E+04,0.00000E+00,1.24070E+04,1,3257,1
3372,3.61124E+05,9.07043E+05,1.62502E-03,2.70923E+05,0,3326,1
3374,1.46241E+04,1.36182E+04,0.00000E+00,7.24096E+01,0,3328,1
3375,1.87912E+04,1.99134E+04,0.00000E+00,4.29669E+02,0,3329,1
3376,1.93965E+05,1.73245E+05,0.00000E+00,4.24016E+04,0,3329,1
3377,5.23517E+05,7.04827E+05,0.00000E+00,1.24521E+05,0,3330,1
3378,6.19406E+03,5.97586E+03,0.00000E+00,4.25915E+03,0,3330,1
3379,5.64230E+04,8.87231E+04,0.00000E+00,7.16481E+03,0,3330,1
3380,3.99969E+04,5.75397E+04,0.00000E+00,4.51262E+03,0,3331,1
3381,7.61516E+03,5.80139E+03,0.00000E+00,7.42107E+03,0,3332,1
3382,1.33883E+03,9.58997E+02,0.00000E+00,6.88375E+03,0,3332,1
3383,9.22634E+04,7.63631E+04,0.00000E+00,2.04948E+04,0,3333,1
3384,3.23248E+02,4.67185E+03,0.00000E+00,1.24316E+03,0,3334,1
3385,7.63501E+04,5.87391E+04,0.00000E+00,1.84110E+04,0,3334,1
3386,0.00000E+00,0.00000E+00,0.00000E+00,0.00000E+00,1,3335,1
3387,5.73345E+03,5.66397E+03,0.00000E+00,7.51530E+00,1,3336,1
3388,2.73610E+04,3.15457E+04,0.00000E+00,1.38307E+03,1,3337,1
3389,7.40161E+04,1.05299E+05,0.00000E+00,1.25617E+04,1,3338,1
3390,4.65961E+04,3.51031E+04,0.00000E+00,1.41739E+04,1,3339,1
3391,3.17621E+04,5.31857E+04,0.00000E+00,1.44187E+03,1,3339,1
3392,1.84557E+05,2.74386E+05,6.25300E-05,4.48545E+04,1,3339,1
3393,3.33708E+03,2.40298E+03,0.00000E+00,0.00000E+00,1,3339,1
3394,8.07741E+04,9.77925E+04,0.00000E+00,2.36055E+04,1,3339,1
3395,1.54084E+04,1.68900E+04,0.00000E+00,4.76624E+03,1,3339,1
3396,7.51683E+04,5.88319E+04,0.00000E+00,2.15025E+04,1,3340,1
3397,7.18746E+04,6.55886E+04,0.00000E+00,1.15995E+04,1,3340,1
3669,3.45374E+03,8.29830E+03,0.00000E+00,7.77135E+03,0,3600,1
3670,3.24945E+05,3.71405E+05,0.00000E+00,6.70093E+04,1,3601,1
3671,2.20279E+04,3.29664E+04,0.00000E+00,8.09518E+03,1,3602,1
3672,1.22057E+06,3.29995E+06,2.80311E-02,1.37380E+06,0,3603,1
3673,5.95608E+06,2.16176E+07,1.93053E+00,1.16695E+07,0,3604,1
3674,2.71220E+06,8.45240E+06,2.69643E-01,4.09456E+06,0,3605,1
3675,2.90421E+06,8.31683E+06,8.49263E-02,4.44972E+06,0,3606,1
3676,1.98925E+06,5.09681E+06,8.49160E-02,2.27059E+06,0,3607,1
3677,5.33356E+06,2.09624E+07,1.83343E+00,1.20210E+07,1,3608,1
3914,1.56824E+04,1.53191E+04,0.00000E+00,5.35076E+03,0,3811,1
3915,1.56275E+05,5.29956E+05,5.20436E-04,1.45864E+05,0,3811,1
3917,8.47286E+02,6.08937E+02,0.00000E+00,9.35125E+02,0,3813,1
3919,2.70897E+05,2.99487E+05,0.00000E+00,5.38291E+04,0,3813,1
3920,3.52787E+00,1.79086E+03,0.00000E+00,2.70090E+02,0,3813,1
3921,6.63877E+03,5.07726E+03,0.00000E+00,7.02390E+03,1,3814,1
3922,5.51282E+04,4.87325E+04,0.00000E+00,6.24944E+03,1,3814,1
3923,4.03954E+03,1.01963E+04,0.00000E+00,5.51149E+03,1,3814,1
3924,2.82852E+05,3.02654E+05,0.00000E+00,5.19571E+04,1,3814,1
3927,1.40403E+04,1.30779E+04,0.00000E+00,4.82354E+03,1,3816,1
3928,1.92345E+05,1.74563E+05,0.00000E+00,4.32856E+04,1,3816,1
4612,1.73441E+01,1.48415E+02,0.00000E+00,2.37301E+02,0,4480,1
4744,0.00000E+00,0.00000E+00,0.00000E+00,0.00000E+00,0,4607,1
5268,0.00000E+00,0.00000E+00,0.00000E+00,0.00000E+00,1,5113,1
5676,1.20871E+03,8.76001E+02,0.00000E+00,3.61198E+02,0,5506,1
5716,5.96280E+02,4.29130E+02,0.00000E+00,8.02979E+02,0,5546,1
5736,4.59191E+04,8.76720E+04,0.00000E+00,4.52258E+03,0,5566,1
5739,4.38725E+03,4.82375E+03,0.00000E+00,6.66024E-01,0,5569,1
5747,1.78889E+03,2.52509E+03,0.00000E+00,3.43083E+02,0,5577,1
5755,5.63232E+04,5.65181E+04,0.00000E+00,1.57697E+04,0,5585,1
5756,3.71061E+05,4.06681E+05,0.00000E+00,8.56687E+04,0,5586,1
5757,4.36984E+04,4.21820E+04,0.00000E+00,4.45949E+03,0,5587,1
5774,2.06988E+05,2.17690E+05,0.00000E+00,3.94938E+04,0,5604,1
5788,7.68977E+03,5.85665E+03,0.00000E+00,7.45119E+03,0,5618,1
5789,2.22736E+04,2.36359E+04,0.00000E+00,1.17014E+04,0,5619,1
5790,3.57950E+05,4.14746E+05,0.00000E+00,8.94474E+04,0,5620,1
5792,1.02214E+05,1.12799E+05,0.00000E+00,1.75155E+04,0,5622,1
5797,2.35265E+01,7.05359E+02,0.00000E+00,8.87224E+02,0,5627,1
5798,1.00113E+05,1.07782E+05,0.00000E+00,2.03397E+04,0,5628,1
5802,1.31324E+04,1.12932E+04,0.00000E+00,7.95075E+03,0,5632,1
5821,1.50368E+03,1.51406E+03,0.00000E+00,2.45517E+02,0,5651,1
5822,1.06666E+01,6.26748E+01,0.00000E+00,7.37961E+01,0,5652,1
5834,0.00000E+00,0.00000E+00,0.00000E+00,0.00000E+00,0,5664,1
5947,0.00000E+00,0.00000E+00,0.00000E+00,2.85971E+03,1,5777,1
5957,9.42121E+03,9.14750E+03,0.00000E+00,1.66495E+03,1,5787,1
5962,5.29869E+04,1.07674E+05,0.00000E+00,6.86913E+03,1,5792,1
5969,1.48265E+03,1.06199E+03,0.00000E+00,1.20886E+03,1,5799,1
5971,4.98566E+04,6.15945E+04,4.96483E-04,1.34297E+04,1,5801,1
5980,1.93905E+04,1.72235E+04,0.00000E+00,9.16829E+03,1,5810,1
6000,8.87745E+03,1.21207E+04,0.00000E+00,1.01153E+01,1,5830,1
6001,8.56548E+04,2.24102E+05,0.00000E+00,2.63683E+04,1,5831,1
6009,5.06140E+04,4.36454E+04,0.00000E+00,1.74621E+04,1,5839,1
6020,7.43639E+03,6.70286E+03,0.00000E+00,4.91274E+00,1,5850,1
6021,0.00000E+00,0.00000E+00,0.00000E+00,3.74470E+03,1,5851,1
6022,2.25517E+05,3.87118E+05,1.97802E-04,9.15877E+04,1,5852,1
6023,3.47502E+04,5.23346E+04,0.00000E+00,2.75633E+03,1,5853,1
6024,4.11510E+04,3.65626E+04,0.00000E+00,1.57106E+04,1,5854,1
6030,4.00537E+05,6.39413E+05,2.54407E-04,1.42007E+05,1,5860,1
6037,9.04388E+03,8.20400E+03,5.32000E-06,4.99370E+03,1,5867,1
6055,6.03314E+02,6.34805E+03,0.00000E+00,2.61154E+03,1,5885,1
6067,0.00000E+00,0.00000E+00,0.00000E+00,0.00000E+00,1,5897,1
6074,0.00000E+00,0.00000E+00,0.00000E+00,0.00000E+00,1,5904,1
6081,1.25531E+05,3.17532E+05,5.32000E-06,4.08093E+04,1,5911,1
6082,1.45307E+05,2.02906E+05,0.00000E+00,2.99271E+04,1,5912,1
6088,2.46945E+04,2.92879E+04,0.00000E+00,8.72312E+03,1,5918,1
6231,1.88215E+04,1.43065E+04,0.00000E+00,1.08793E+04,0,6061,1
6517,0.00000E+00,0.00000E+00,0.00000E+00,4.50190E+02,0,6347,1
6535,2.49592E+05,2.48332E+05,0.00000E+00,5.52533E+04,0,6365,1
6541,1.13453E+03,2.79538E+03,0.00000E+00,1.98967E+03,0,6371,1
6543,9.13025E+03,1.21923E+04,0.00000E+00,7.38059E+02,0,6373,1
6549,3.73679E+04,2.84306E+04,0.00000E+00,1.53168E+04,0,6379,1
6583,1.79549E+04,1.44176E+04,0.00000E+00,9.14225E+03,0,6413,1
6584,2.90364E+04,3.07718E+04,0.00000E+00,1.31772E+04,0,6414,1
6618,6.40914E+04,6.50502E+04,0.00000E+00,1.57993E+04,0,6448,1
6628,0.00000E+00,0.00000E+00,0.00000E+00,0.00000E+00,0,6458,1
6632,2.71166E+05,2.78261E+05,0.00000E+00,5.91069E+04,0,6462,1
6636,0.00000E+00,0.00000E+00,0.00000E+00,3.46410E+02,0,6466,1
6643,6.21072E+04,5.29881E+04,0.00000E+00,1.78038E+04,0,6473,1
6655,3.00286E+04,3.55897E+04,0.00000E+00,1.82721E+03,0,6485,1
6685,3.52983E+02,5.32795E+03,0.00000E+00,1.22371E+04,0,6514,1
6686,7.28571E+04,7.55883E+04,0.00000E+00,6.42477E+03,0,6515,1
6688,7.50219E+04,7.44621E+04,0.00000E+00,1.86170E+04,0,6517,1
6691,2.03401E+03,2.15763E+03,0.00000E+00,0.00000E+00,0,6520,1
6705,1.26287E+04,1.12869E+04,0.00000E+00,4.43517E+03,0,6534,1
6708,8.67532E+05,1.39391E+06,5.29343E-03,4.30959E+05,0,6537,1
6709,6.75415E+04,5.46541E+04,0.00000E+00,1.96480E+04,0,6538,1
6721,2.21575E+05,2.13798E+05,0.00000E+00,3.74732E+04,0,6550,1
6722,2.10925E+03,2.21449E+03,0.00000E+00,4.30949E+02,0,6551,1
6724,8.89914E+04,1.08041E+05,0.00000E+00,8.32366E+03,0,6553,1
6725,1.27841E+04,1.14780E+04,0.00000E+00,4.47492E+03,0,6554,1
6730,5.54118E+05,1.01515E+06,5.20451E-04,2.28078E+05,0,6559,1
6732,3.72569E+04,3.21226E+04,0.00000E+00,1.34728E+04,0,6561,1
6733,2.85826E+05,4.22428E+05,2.58100E-05,7.75621E+04,0,6562,1
6735,4.86443E+04,9.51527E+04,0.00000E+00,5.35501E+03,0,6564,1
6745,3.22459E+04,3.91493E+04,0.00000E+00,2.26906E+03,0,6574,1
6749,6.16398E+04,6.25960E+04,0.00000E+00,5.87730E+03,0,6578,1
6752,4.10176E+03,5.80732E+03,0.00000E+00,0.00000E+00,0,6581,1
6754,3.73134E+04,5.85902E+04,0.00000E+00,2.69502E+04,0,6583,1
6762,9.68679E+03,1.34508E+04,0.00000E+00,1.35212E+02,0,6591,1
6764,2.87708E+05,4.05426E+05,6.50676E-05,8.84612E+04,0,6593,1
6765,6.36215E+05,1.40251E+06,5.50882E-04,4.36952E+05,0,6594,1
6766,2.09283E+06,9.70555E+06,2.16019E-01,3.79049E+06,0,6595,1
6767,1.30195E+06,2.72797E+06,5.46817E-03,9.71350E+05,0,6596,1
6768,2.56627E+05,4.74340E+05,9.95095E-05,1.05174E+05,0,6597,1
6769,3.54826E+05,4.14468E+05,0.00000E+00,8.34469E+04,0,6598,1
6770,1.87551E+04,2.13619E+04,5.77886E-05,7.86605E+03,0,6599,1
6778,3.21133E+04,5.26501E+04,0.00000E+00,2.33187E+03,0,6607,1
6788,2.47407E+04,2.34353E+04,0.00000E+00,9.55158E+03,0,6617,1
6791,3.93685E+05,8.00645E+05,8.56862E-05,1.72104E+05,0,6620,1
6792,1.26881E+06,3.21485E+06,4.21329E-02,1.45557E+06,0,6621,1
6794,4.80047E+04,4.55233E+04,0.00000E+00,1.29704E+04,0,6623,1
6797,1.02290E+04,1.33806E+04,0.00000E+00,5.30515E+03,0,6626,1
6801,4.52110E+04,4.35047E+04,0.00000E+00,1.38847E+04,0,6630,1
6802,7.85291E+05,1.18265E+06,1.82990E-04,2.95518E+05,0,6631,1
6804,7.71603E+05,1.59598E+06,1.92850E-01,5.39184E+05,0,6633,1
6805,4.42468E+06,1.14077E+07,2.51638E+00,6.08222E+06,0,6634,1
6806,2.08849E+06,7.36184E+06,4.18246E-01,2.85525E+06,0,6635,1
6807,1.89212E+05,2.00838E+05,2.11210E-06,4.43570E+04,0,6636,1
6808,2.71202E+05,3.92081E+05,2.36400E-03,1.16508E+05,0,6637,1
6815,0.00000E+00,0.00000E+00,0.00000E+00,0.00000E+00,0,6644,1
6819,4.09942E+04,6.77775E+04,0.00000E+00,5.09997E+03,0,6648,1
6820,9.18026E+04,2.49807E+05,2.91181E-06,3.16133E+04,0,6649,1
6823,7.33512E+05,1.44260E+06,6.96247E-04,3.25951E+05,0,6652,1
6826,1.74539E+06,3.40954E+06,9.81768E-03,1.65800E+06,0,6655,1
6830,2.85164E+05,2.70984E+05,0.00000E+00,5.41837E+04,0,6659,1
6833,7.42381E+03,5.33478E+03,0.00000E+00,3.73024E+00,0,6662,1
6836,3.55786E+03,4.39820E+03,0.00000E+00,0.00000E+00,0,6665,1
6840,2.61487E+04,2.60048E+04,0.00000E+00,8.46676E+02,0,6669,1
6841,1.51061E+05,1.40196E+05,0.00000E+00,3.01418E+04,0,6670,1
6842,3.02942E+05,4.88482E+05,1.65143E-04,8.03865E+04,0,6671,1
6843,4.23464E+06,1.60464E+07,3.61998E-01,8.05305E+06,0,6672,1
6844,2.31923E+06,9.89748E+06,1.91391E-01,4.07927E+06,0,6673,1
6845,1.66459E+06,4.12721E+06,1.54914E-02,1.45877E+06,0,6674,1
6846,8.56482E+06,4.41231E+07,2.82523E+00,2.60794E+07,0,6675,1
6847,1.42362E+06,3.35383E+06,1.31496E-02,1.21336E+06,0,6676,1
6850,3.00716E+05,3.23696E+05,0.00000E+00,7.00524E+04,0,6679,1
6851,1.34393E+03,9.62609E+02,0.00000E+00,1.15383E+03,0,6680,1
6856,7.22236E+05,1.06769E+06,8.93300E-05,2.35412E+05,0,6685,1
6862,3.49571E+04,5.38063E+04,0.00000E+00,3.17170E+03,0,6691,1
6863,6.98547E+05,1.09398E+06,1.77347E-04,3.04896E+05,0,6692,1
6864,2.39014E+05,2.26128E+05,0.00000E+00,4.97712E+04,0,6693,1
6865,2.85789E+05,4.96449E+05,0.00000E+00,6.63758E+04,0,6694,1
6866,4.09443E+06,1.53843E+07,2.19941E-01,8.36426E+06,0,6695,1
6867,8.39308E+05,2.08688E+06,1.97031E-02,8.20808E+05,0,6696,1
6868,2.38284E+06,7.06260E+06,1.20084E-01,3.54235E+06,0,6697,1
6869,1.00659E+06,1.85754E+06,6.01707E-03,5.97839E+05,0,6698,1
6870,6.76616E+05,1.65490E+06,3.80830E-03,4.87421E+05,0,6699,1
6871,2.59193E+06,7.99687E+06,5.77313E-02,3.39923E+06,0,6700,1
6872,4.15005E+05,9.08848E+05,3.44887E-03,3.14847E+05,0,6701,1
6873,3.52720E+05,4.04129E+05,2.93006E-05,8.67743E+04,0,6702,1
6883,0.00000E+00,0.00000E+00,0.00000E+00,0.00000E+00,0,6712,1
6884,4.83125E+05,7.87902E+05,3.32132E-05,1.51173E+05,0,6713,1
6885,3.62848E+06,1.33404E+07,2.18197E-01,7.61538E+06,0,6714,1
6886,5.98420E+06,2.54169E+07,6.88364E-01,1.46147E+07,0,6715,1
6887,3.21784E+06,1.09032E+07,9.79896E-02,5.07842E+06,0,6716,1
6888,1.30208E+06,2.23590E+06,3.07456E-03,4.54432E+05,0,6717,1
6889,6.92596E+06,3.19673E+07,1.79282E+00,1.96049E+07,0,6718,1
6890,2.16239E+05,2.53784E+05,0.00000E+00,3.46492E+04,0,6719,1
6891,4.48668E+04,8.48185E+04,0.00000E+00,4.21227E+03,0,6720,1
6899,0.00000E+00,0.00000E+00,0.00000E+00,0.00000E+00,0,6728,1
6901,0.00000E+00,0.00000E+00,0.00000E+00,4.91840E+03,0,6730,1
6907,9.60997E+04,7.80958E+04,0.00000E+00,2.20666E+04,0,6736,1
6908,4.09693E+04,3.57163E+04,0.00000E+00,1.69609E+03,0,6737,1
6910,7.38000E+04,9.31738E+04,0.00000E+00,5.57586E+03,0,6739,1
6911,1.77795E+06,3.61905E+06,5.35279E-03,1.32178E+06,0,6740,1
6912,5.44172E+03,5.33867E+03,0.00000E+00,1.86884E+03,0,6741,1
6913,7.54450E+05,1.49063E+06,8.05379E-03,4.33952E+05,0,6742,1
6915,2.98850E+04,3.53595E+04,0.00000E+00,1.79883E+03,0,6744,1
6931,1.58612E+03,1.14235E+03,0.00000E+00,0.00000E+00,0,6760,1
6932,1.93472E+05,3.14101E+05,1.05330E-04,6.72429E+04,0,6761,1
6935,4.01404E+05,6.36591E+05,5.60000E-06,1.11175E+05,0,6764,1
6936,3.98179E+05,1.53031E+06,2.53455E-03,3.95697E+05,0,6765,1
6942,4.43367E+05,6.26207E+05,0.00000E+00,1.12259E+05,0,6771,1
6947,9.19651E+04,7.88835E+04,0.00000E+00,2.56073E+04,0,6776,1
6949,5.42445E+04,7.83113E+04,0.00000E+00,9.61913E+03,0,6778,1
6955,9.35507E+05,1.55556E+06,3.21138E-04,4.51631E+05,0,6784,1
6956,2.13660E+03,7.95927E+03,0.00000E+00,5.31973E+03,0,6785,1
6962,4.54783E+04,4.09822E+04,0.00000E+00,2.34741E+03,0,6791,1
6964,1.78895E+04,1.88193E+04,0.00000E+00,7.82427E+02,0,6793,1
6972,0.00000E+00,0.00000E+00,0.00000E+00,5.71663E+02,0,6801,1
6985,0.00000E+00,0.00000E+00,0.00000E+00,5.39470E+02,1,6814,1
6992,3.77274E+04,6.67616E+04,0.00000E+00,2.48309E+03,1,6821,1
7018,7.46221E+04,1.30518E+05,2.62975E-05,2.27275E+04,1,6847,1
7052,0.00000E+00,0.00000E+00,0.00000E+00,2.11393E+02,1,6881,1
7076,2.10683E+05,2.08984E+05,0.00000E+00,4.39496E+04,1,6905,1
7082,0.00000E+00,0.00000E+00,0.00000E+00,0.00000E+00,1,6911,1
7083,5.86136E+04,1.13848E+05,0.00000E+00,7.57106E+03,1,6912,1
7113,1.12639E+04,1.08124E+04,0.00000E+00,1.84548E+02,1,6942,1
7117,9.61522E+04,9.63431E+04,0.00000E+00,2.52451E+04,1,6946,1
7120,2.16470E+04,1.70147E+04,0.00000E+00,1.11117E+04,1,6949,1
7124,1.19836E+04,1.04982E+04,0.00000E+00,4.27200E+03,1,6953,1
7141,1.41848E+05,1.55961E+05,2.98610E-03,3.11124E+04,1,6970,1
7169,5.17085E+05,6.80513E+05,0.00000E+00,1.38957E+05,1,6998,1
7171,1.14056E+04,9.83480E+03,0.00000E+00,4.14358E+03,1,7000,1
7194,8.31825E+03,9.50698E+03,0.00000E+00,2.96970E+01,1,7023,1
7196,1.18119E+03,8.47683E+02,0.00000E+00,1.08661E+03,1,7025,1
7198,2.14668E+05,3.17983E+05,1.00706E-04,6.64498E+04,1,7027,1
7199,2.93205E+04,2.23028E+04,0.00000E+00,1.33260E+04,1,7028,1
7200,5.97413E+05,1.00132E+06,1.07218E-03,2.57216E+05,1,7029,1
7202,5.09723E+04,3.93711E+04,0.00000E+00,1.75433E+04,1,7031,1
7216,0.00000E+00,0.00000E+00,0.00000E+00,2.00168E+02,1,7045,1
7221,6.08458E+05,9.24077E+05,8.93300E-05,2.53220E+05,1,7050,1
7226,9.23452E+05,1.86934E+06,8.92041E-04,4.75015E+05,1,7055,1
7227,3.88191E+06,1.47703E+07,1.71541E-01,7.29912E+06,1,7056,1
7240,3.22957E+04,5.44003E+04,0.00000E+00,1.56105E+03,1,7069,1
7242,0.00000E+00,0.00000E+00,0.00000E+00,6.04496E+03,1,7071,1
7245,3.93609E+03,5.57140E+03,0.00000E+00,0.00000E+00,1,7074,1
7252,0.00000E+00,0.00000E+00,0.00000E+00,0.00000E+00,1,7081,1
7255,1.84009E+05,2.98396E+05,0.00000E+00,4.30599E+04,1,7084,1
7256,4.02769E+05,4.94080E+05,7.90793E-04,1.20204E+05,1,7085,1
7258,2.55188E+05,2.54593E+05,0.00000E+00,4.47290E+04,1,7087,1
7262,1.62752E+06,4.10397E+06,1.31239E-01,1.53206E+06,1,7091,1
7271,1.15860E+03,1.06287E+03,0.00000E+00,7.35826E+02,1,7100,1
7273,2.26764E+05,2.17485E+05,0.00000E+00,4.98688E+04,1,7102,1
7276,6.16914E+04,1.35109E+05,0.00000E+00,1.06947E+04,1,7105,1
7293,1.31405E+04,1.51605E+04,0.00000E+00,1.29895E+03,1,7122,1
7297,1.07696E+04,7.75125E+03,0.00000E+00,1.28680E+03,1,7126,1
7298,1.10855E+06,2.80976E+06,1.26845E-02,9.66863E+05,1,7127,1
7299,1.35744E+05,1.95265E+05,0.00000E+00,2.81789E+04,1,7128,1
7300,8.67342E+05,2.32035E+06,6.16640E-03,7.50739E+05,1,7129,1
7308,0.00000E+00,0.00000E+00,0.00000E+00,4.32047E+02,1,7137,1
7315,2.27415E+04,2.32222E+04,0.00000E+00,4.64862E+03,1,7144,1
7317,9.18209E+04,1.32791E+05,0.00000E+00,1.08737E+04,1,7146,1
7318,1.13697E+04,1.62655E+04,0.00000E+00,2.59332E+03,1,7147,1
7319,6.21357E+04,6.09725E+04,1.02345E-04,8.19424E+03,1,7148,1
7320,1.30820E+05,2.04552E+05,0.00000E+00,1.50272E+04,1,7149,1
7321,9.64320E+05,1.72633E+06,2.75670E-04,3.81098E+05,1,7150,1
7322,2.48470E+05,4.40029E+05,1.03629E-04,8.11711E+04,1,7151,1
7323,5.82862E+06,2.46944E+07,7.77095E-01,1.48609E+07,1,7152,1
7324,1.88319E+05,1.70506E+05,0.00000E+00,4.21443E+04,1,7153,1
7334,5.73188E+05,9.33898E+05,3.99136E-03,3.28759E+05,1,7163,1
7340,3.96700E+04,5.19654E+04,0.00000E+00,4.14325E+03,1,7169,1
7341,3.96707E+03,5.61536E+03,0.00000E+00,0.00000E+00,1,7170,1
7342,2.73178E+05,2.75825E+05,0.00000E+00,5.80644E+04,1,7171,1
7343,1.31468E+06,2.59986E+06,8.29801E-04,9.76663E+05,1,7172,1
7344,1.89285E+05,2.31070E+05,0.00000E+00,3.34022E+04,1,7173,1
7345,1.87209E+05,2.53870E+05,1.57000E-05,3.73125E+04,1,7174,1
7346,5.90057E+05,1.46884E+06,2.77050E-03,4.05806E+05,1,7175,1
7347,2.11595E+06,5.90195E+06,5.72390E-02,2.19549E+06,1,7176,1
7348,3.75975E+06,1.29383E+07,4.70861E-01,6.85951E+06,1,7177,1
7349,2.96701E+05,4.65460E+05,0.00000E+00,7.21749E+04,1,7178,1
7350,5.95574E+04,1.28211E+05,0.00000E+00,9.73273E+03,1,7179,1
7351,3.91516E+04,4.90700E+04,0.00000E+00,1.88317E+03,1,7180,1
7352,0.00000E+00,0.00000E+00,0.00000E+00,0.00000E+00,1,7181,1
7353,1.08969E+05,1.44155E+05,0.00000E+00,1.56829E+04,1,7182,1
7354,5.33446E+05,7.17241E+05,1.85411E-03,1.36601E+05,1,7183,1
7358,4.42775E+05,7.64608E+05,1.97688E-05,1.47240E+05,1,7187,1
7371,8.92904E+04,1.11322E+05,0.00000E+00,1.10734E+04,1,7200,1
7375,5.18660E+05,7.07386E+05,0.00000E+00,1.27820E+05,1,7204,1
7376,0.00000E+00,0.00000E+00,0.00000E+00,0.00000E+00,1,7205,1
7377,1.77138E+06,4.30381E+06,2.25872E-02,1.56395E+06,1,7206,1
7378,4.59744E+06,2.15403E+07,4.90472E-01,1.01513E+07,1,7207,1
7379,1.18103E+07,5.41493E+07,5.82310E+00,3.36240E+07,1,7208,1
7380,6.35158E+05,9.98774E+05,8.87909E-05,1.88184E+05,1,7209,1
7381,3.21903E+05,3.32613E+05,0.00000E+00,5.50378E+04,1,7210,1
7382,4.94212E+05,6.22776E+05,0.00000E+00,1.16680E+05,1,7211,1
7385,2.34831E+05,2.34015E+05,0.00000E+00,4.57932E+04,1,7214,1
7392,7.78017E+04,8.05736E+04,0.00000E+00,3.90798E+03,1,7221,1
7393,4.45624E+04,5.77229E+04,5.22534E-06,1.60575E+04,1,7222,1
7396,4.32807E+05,5.40668E+05,4.07907E-03,1.06343E+05,1,7225,1
7398,2.69393E+06,1.32128E+07,6.88883E-01,4.74943E+06,1,7227,1
7399,1.05033E+05,1.47663E+05,8.69365E-05,1.58344E+04,1,7228,1
7400,4.25890E+06,1.51752E+07,1.44528E+00,8.96615E+06,1,7229,1
7401,8.88114E+05,1.43809E+06,6.35456E-04,3.66073E+05,1,7230,1
7402,4.19855E+06,1.65769E+07,5.02340E-01,9.67891E+06,1,7231,1
7403,4.76490E+04,9.23629E+04,0.00000E+00,5.03347E+03,1,7232,1
7404,7.69508E+04,1.15426E+05,0.00000E+00,1.98166E+04,1,7233,1
7406,1.06840E+03,1.50717E+03,0.00000E+00,0.00000E+00,1,7235,1
7413,1.38169E+04,2.97576E+04,0.00000E+00,6.36359E+03,1,7242,1
7420,2.36399E+05,2.24152E+05,0.00000E+00,4.24790E+04,1,7249,1
7421,2.50051E+05,2.27105E+05,0.00000E+00,4.92692E+04,1,7250,1
7423,4.11499E+04,5.46544E+04,0.00000E+00,4.58278E+03,1,7252,1
7424,2.00046E+05,1.89620E+05,0.00000E+00,4.72746E+04,1,7253,1
7425,1.20347E+04,1.22372E+04,0.00000E+00,2.45881E+03,1,7254,1
7426,2.27778E+06,6.27731E+06,3.23655E-02,3.03447E+06,1,7255,1
7434,8.99872E+03,1.28924E+04,0.00000E+00,1.87444E+01,1,7263,1
7439,3.34830E+05,5.38358E+05,5.32000E-06,9.50568E+04,1,7268,1
7440,5.01519E+06,2.07234E+07,4.88538E-01,1.07774E+07,1,7269,1
7441,2.74167E+06,9.58612E+06,1.81163E-01,4.08740E+06,1,7270,1
7442,9.37972E+05,1.56606E+06,1.09835E-04,3.94755E+05,1,7271,1
7443,6.75748E+03,5.38108E+03,0.00000E+00,6.45637E+03,1,7272,1
7444,7.02716E+03,5.04878E+03,0.00000E+00,3.61231E+00,1,7273,1
7447,1.00338E+05,1.22598E+05,0.00000E+00,2.47334E+04,1,7276,1
7450,2.34477E+04,1.92324E+04,0.00000E+00,1.30655E+03,1,7279,1
7454,1.00443E+04,1.36881E+04,0.00000E+00,2.15372E+03,1,7283,1
7455,2.64012E+04,3.01382E+04,0.00000E+00,1.24073E+03,1,7284,1
7458,2.94256E+05,3.09169E+05,0.00000E+00,6.86243E+04,1,7287,1
7459,2.83142E+04,2.15367E+04,0.00000E+00,1.31081E+04,1,7288,1
7461,5.98096E+03,4.58409E+03,0.00000E+00,6.74054E+03,1,7290,1
7462,1.95946E+06,5.32131E+06,3.86756E-02,2.03765E+06,1,7291,1
7463,2.90985E+04,3.82449E+04,0.00000E+00,1.29569E+03,1,7292,1
7468,8.76641E+03,7.52165E+03,0.00000E+00,7.81313E+03,1,7297,1
7471,4.39052E+04,8.22107E+04,0.00000E+00,3.92873E+03,1,7300,1
7475,1.26252E+05,1.93385E+05,0.00000E+00,1.92814E+04,1,7304,1
7481,2.09780E+04,2.58126E+04,0.00000E+00,7.52530E+01,1,7310,1
7489,4.14036E+04,3.62182E+04,0.00000E+00,6.38840E+03,1,7318,1
7491,1.11600E+05,1.43247E+05,0.00000E+00,1.25751E+04,1,7320,1
7493,5.21446E+05,6.74181E+05,7.72628E-05,1.43327E+05,1,7322,1
7494,4.12602E+05,4.85361E+05,0.00000E+00,8.51138E+04,1,7323,1
7497,1.16511E+05,2.54591E+05,0.00000E+00,3.67108E+04,1,7326,1
7507,0.00000E+00,0.00000E+00,0.00000E+00,2.51963E+03,1,7336,1
7509,1.06852E+06,2.26673E+06,2.08308E-03,8.75292E+05,1,7338,1
7512,2.94744E+05,3.29879E+05,0.00000E+00,4.97520E+04,1,7341,1
7550,2.81699E+05,3.29290E+05,9.52000E-06,6.27883E+04,0,7379,1
7551,5.51114E+05,7.49438E+05,6.22719E-06,1.32869E+05,0,7380,1
7552,2.43485E+06,6.72145E+06,5.93930E-02,3.18711E+06,0,7381,1
7553,7.31919E+05,1.34904E+06,2.61798E-03,3.05521E+05,0,7382,1
7554,8.81317E+05,1.86321E+06,1.11988E-03,4.20725E+05,1,7383,1
7555,2.31324E+06,7.96000E+06,7.69599E-02,3.07408E+06,1,7383,1
7556,8.06092E+05,1.56346E+06,2.74050E-02,4.20769E+05,1,7383,1
7557,1.44101E+06,3.40609E+06,2.63046E-03,9.98641E+05,1,7384,1
7558,2.35433E+06,6.08049E+06,2.50863E-02,2.25992E+06,1,7384,1
7562,6.61047E+03,7.43035E+03,0.00000E+00,1.00098E+01,0,7388,1
7568,6.03633E+03,5.73875E+03,0.00000E+00,1.00848E+03,0,7394,1
7571,0.00000E+00,0.00000E+00,0.00000E+00,5.35553E+03,0,7397,1
7589,1.11464E+04,9.58655E+03,0.00000E+00,4.08403E+03,0,7415,1
7591,2.97677E+03,4.36760E+03,0.00000E+00,1.29749E+03,0,7417,1
7598,9.34787E+02,6.70740E+02,0.00000E+00,9.77052E+02,0,7424,1
7600,4.52951E+04,4.08564E+04,0.00000E+00,2.50269E+03,1,7426,1
7607,1.31379E+05,1.16640E+05,0.00000E+00,2.87212E+04,1,7433,1
7629,5.57054E+03,1.53483E+04,0.00000E+00,4.83076E+03,1,7455,1
12441,3.37574E+04,3.65446E+04,0.00000E+00,6.44378E+03,0,11889,1
12442,5.05094E+05,6.45521E+05,0.00000E+00,1.29974E+05,0,11890,1
12452,7.93161E+04,9.52748E+04,0.00000E+00,1.50249E+04,0,11900,1
12461,1.52599E+04,2.24701E+04,0.00000E+00,1.21285E+02,0,11908,1
12462,3.00197E+05,3.11185E+05,1.67930E-03,6.47696E+04,0,11909,1
12467,3.37759E+05,4.83720E+05,6.51806E-05,9.49909E+04,0,11914,1
12468,7.96257E+05,1.35156E+06,6.11795E-04,3.32757E+05,0,11915,1
12477,2.72908E+06,8.39481E+06,8.00592E-02,3.91101E+06,0,11924,1
12484,1.13879E+03,1.17453E+03,0.00000E+00,0.00000E+00,0,11931,1
12517,2.58070E+04,2.19761E+04,0.00000E+00,1.71340E+02,0,11964,1
12518,2.57130E+05,2.51212E+05,0.00000E+00,5.98107E+04,0,11965,1
12526,2.97760E+04,2.39517E+04,0.00000E+00,6.11987E+02,0,11973,1
12527,1.63880E+05,2.26977E+05,0.00000E+00,3.18195E+04,0,11974,1
12528,1.50788E+06,4.01969E+06,5.38707E-03,1.48155E+06,0,11975,1
12529,4.78262E+05,7.15648E+05,3.35248E-04,1.70222E+05,0,11976,1
12530,8.54332E+05,1.56284E+06,2.40372E-03,3.93472E+05,0,11977,1
12556,6.30852E+03,9.08281E+03,0.00000E+00,8.38733E+01,0,12002,1
12557,6.84904E+04,5.29483E+04,0.00000E+00,2.05919E+04,0,12003,1
12569,4.32582E+05,9.59004E+05,2.21530E-04,2.13817E+05,0,12015,1
12570,2.51528E+05,4.23350E+05,2.96403E-04,1.19899E+05,0,12016,1
12587,8.39182E+02,8.54915E+02,0.00000E+00,0.00000E+00,0,12033,1
12588,2.63047E+03,1.88883E+03,0.00000E+00,1.60896E+03,0,12034,1
12589,1.54940E+05,3.10378E+05,8.14585E-04,5.15569E+04,0,12035,1
12590,1.02160E+05,1.07074E+05,0.00000E+00,1.45069E+04,0,12036,1
12599,3.99864E+05,4.94655E+05,0.00000E+00,1.11851E+05,0,12045,1
12600,7.51372E+04,1.13073E+05,9.75037E-07,1.89884E+04,0,12046,1
12601,2.33670E+06,7.19332E+06,4.09287E-01,3.00595E+06,0,12047,1
12608,2.57212E+04,1.95706E+04,0.00000E+00,1.25325E+04,0,12054,1
12609,6.71127E+05,1.02916E+06,8.93300E-05,2.59560E+05,0,12055,1
12632,2.38472E+05,3.28131E+05,0.00000E+00,4.78573E+04,0,12077,1
12633,2.17933E+06,5.87578E+06,1.89434E-02,2.57988E+06,0,12078,1
12642,4.30875E+04,7.28620E+04,0.00000E+00,6.11751E+03,0,12087,1
12650,0.00000E+00,0.00000E+00,0.00000E+00,2.96555E+03,0,12095,1
12654,2.74900E+04,3.79781E+04,0.00000E+00,1.28066E+03,0,12099,1
12655,5.45920E+05,1.03619E+06,9.67149E-05,3.41265E+05,0,12100,1
12664,9.58337E+04,9.74890E+04,0.00000E+00,2.22789E+04,0,12109,1
12682,1.29390E+06,2.75364E+06,3.00230E-03,1.04830E+06,0,12126,1
12700,2.92652E+03,2.10700E+03,0.00000E+00,0.00000E+00,0,12144,1
12702,7.40525E+04,1.16308E+05,1.02819E-06,1.88011E+04,0,12146,1
12712,6.43046E+03,9.15433E+03,0.00000E+00,5.28233E+00,0,12156,1
12713,8.14300E+04,6.36139E+04,0.00000E+00,2.27681E+04,0,12157,1
12723,3.02820E+05,3.69251E+05,2.71791E-04,1.12688E+05,0,12167,1
12729,0.00000E+00,0.00000E+00,0.00000E+00,2.21546E+03,0,12173,1
12730,1.30103E+06,2.91285E+06,4.05849E-03,1.16887E+06,0,12174,1
12741,1.94286E+05,1.76696E+05,0.00000E+00,4.34281E+04,0,12185,1
12742,4.07185E+05,7.58178E+05,4.50984E-05,1.40875E+05,0,12186,1
12750,2.76879E+05,5.56242E+05,1.60096E-05,9.69563E+04,0,12194,1
12751,3.47425E+05,5.09445E+05,2.19661E-03,1.43522E+05,0,12195,1
12752,5.06438E+05,8.40601E+05,5.99861E-04,1.94740E+05,0,12196,1
12760,1.64906E+03,1.73244E+03,0.00000E+00,0.00000E+00,0,12204,1
12768,4.71875E+03,6.70081E+03,0.00000E+00,0.00000E+00,0,12212,1
12769,4.45425E+04,4.27954E+04,0.00000E+00,1.30469E+04,0,12213,1
12782,0.00000E+00,0.00000E+00,0.00000E+00,2.21797E+03,0,12225,1
12783,1.74155E+05,4.03992E+05,7.07930E-05,7.18630E+04,0,12226,1
12784,4.61225E+04,5.74131E+04,0.00000E+00,7.19758E+02,0,12227,1
12805,2.26305E+03,3.20084E+03,0.00000E+00,0.00000E+00,0,12247,1
12806,8.53487E+05,1.87722E+06,1.50982E-02,7.74953E+05,0,12248,1
12820,4.80348E+04,6.23654E+04,0.00000E+00,1.17853E+04,0,12262,1
12832,6.69874E+04,7.41359E+04,0.00000E+00,9.69170E+03,0,12274,1
12841,5.71841E+05,8.18316E+05,1.99607E-05,1.81270E+05,0,12283,1
12846,0.00000E+00,0.00000E+00,0.00000E+00,0.00000E+00,0,12288,1
12851,0.00000E+00,0.00000E+00,0.00000E+00,0.00000E+00,0,12293,1
12865,8.92327E+04,8.64101E+04,0.00000E+00,2.12252E+04,0,12307,1
12876,0.00000E+00,0.00000E+00,0.00000E+00,0.00000E+00,0,12318,1
12889,1.09276E+05,1.37535E+05,0.00000E+00,8.18009E+03,0,12330,1
12896,1.93748E+04,1.99999E+04,0.00000E+00,1.01954E+03,0,12337,1
12897,2.17697E+05,4.55977E+05,3.68392E-04,6.72764E+04,0,12338,1
12926,1.69347E+04,1.31840E+04,0.00000E+00,1.01112E+04,0,12367,1
12984,0.00000E+00,0.00000E+00,0.00000E+00,0.00000E+00,0,12422,1
13005,3.19639E+05,3.16166E+05,0.00000E+00,6.50982E+04,0,12441,1
13018,2.67776E+03,2.87655E+03,0.00000E+00,0.00000E+00,0,12453,1
13027,0.00000E+00,0.00000E+00,0.00000E+00,0.00000E+00,0,12461,1
13053,0.00000E+00,0.00000E+00,0.00000E+00,2.28805E+03,0,12486,1
13138,3.74347E+03,4.08585E+03,0.00000E+00,0.00000E+00,0,12567,1
13279,6.89017E+05,9.97048E+05,2.63743E-04,3.18836E+05,1,12705,1
13280,8.90849E+05,1.55880E+06,3.47867E-04,3.74064E+05,1,12706,1
13291,2.68322E+04,3.74171E+04,0.00000E+00,1.41374E+03,1,12717,1
13292,1.53717E+05,2.02390E+05,4.22300E-05,2.13735E+04,1,12718,1
13308,7.97433E+05,1.26819E+06,7.95045E-04,3.36442E+05,1,12733,1
13309,9.09672E+05,1.31167E+06,2.94617E-04,3.85011E+05,1,12734,1
13312,1.63152E+04,1.24426E+04,0.00000E+00,1.02145E+04,1,12737,1
13313,0.00000E+00,0.00000E+00,0.00000E+00,0.00000E+00,1,12738,1
13314,2.63343E+05,5.99399E+05,5.75900E-05,1.14742E+05,1,12739,1
13333,0.00000E+00,0.00000E+00,0.00000E+00,0.00000E+00,1,12758,1
13342,1.80787E+04,1.78841E+04,0.00000E+00,5.46829E+03,1,12766,1
13345,2.26728E+04,1.74271E+04,0.00000E+00,2.52124E+02,1,12769,1
13346,4.84887E+05,6.33276E+05,0.00000E+00,1.42985E+05,1,12770,1
13361,5.07626E+04,8.37202E+04,0.00000E+00,5.49559E+03,1,12784,1
13363,6.40033E+05,1.02951E+06,1.57250E-04,2.05613E+05,1,12786,1
13370,2.93915E+04,3.46102E+04,0.00000E+00,1.71619E+03,1,12793,1
13397,4.65427E+05,6.44264E+05,1.53218E-04,4.41721E+05,1,12820,1
13405,4.76516E+05,6.43572E+05,2.86036E-04,1.38807E+05,1,12828,1
13415,7.59364E+05,1.17641E+06,5.20123E-04,2.64569E+05,1,12838,1
13427,1.64938E+04,2.22556E+04,0.00000E+00,1.25405E+03,1,12848,1
13428,2.50760E+04,2.00905E+04,0.00000E+00,2.37531E+02,1,12849,1
13433,4.85529E+04,5.18717E+04,0.00000E+00,1.20054E+04,1,12854,1
13434,1.00618E+06,2.30672E+06,2.18404E-03,5.91173E+05,1,12855,1
13451,5.09972E+04,4.76022E+04,0.00000E+00,1.49622E+04,1,12872,1
13452,8.50291E+04,8.64793E+04,0.00000E+00,4.48719E+03,1,12873,1
13453,5.04987E+05,6.01647E+05,0.00000E+00,1.15555E+05,1,12874,1
13454,1.21834E+06,3.25598E+06,5.35142E-02,1.43047E+06,1,12875,1
13464,7.00365E+05,1.04096E+06,4.24367E-05,2.17147E+05,1,12885,1
13476,3.47527E+03,2.50388E+03,0.00000E+00,0.00000E+00,1,12896,1
13512,2.74920E+04,2.09130E+04,0.00000E+00,1.29261E+04,1,12931,1
13513,2.37831E+05,7.76878E+05,2.64841E-04,1.56662E+05,1,12932,1
13523,1.16416E+05,2.07333E+05,7.80518E-06,3.89508E+04,1,12941,1
13527,9.00471E+05,1.50235E+06,2.67557E-04,4.01556E+05,1,12945,1
13544,1.89425E+05,1.71139E+05,0.00000E+00,4.28112E+04,1,12962,1
13545,1.10032E+05,2.13474E+05,0.00000E+00,2.81202E+04,1,12963,1
13570,8.54552E+05,1.53227E+06,9.35245E-04,4.98023E+05,1,12988,1
13582,8.34189E+05,1.30924E+06,3.91530E-01,3.28815E+05,1,13000,1
13587,8.61998E+04,8.96469E+04,0.00000E+00,8.27679E+03,1,13005,1
13591,9.28864E+03,1.07035E+04,0.00000E+00,4.30325E+01,1,13009,1
13598,3.47413E+03,2.50305E+03,0.00000E+00,0.00000E+00,1,13016,1
13614,6.29848E+05,9.35106E+05,8.93300E-05,2.27543E+05,1,13032,1
13630,1.49528E+04,1.43482E+04,0.00000E+00,3.29751E+03,1,13047,1
13643,1.42495E+03,1.02002E+03,0.00000E+00,1.18651E+03,1,13060,1
13644,4.92802E+05,6.46222E+05,9.52000E-06,1.44097E+05,1,13061,1
13653,2.87642E+05,2.99809E+05,0.00000E+00,5.76188E+04,1,13070,1
13674,3.53594E+04,6.11782E+04,0.00000E+00,2.01979E+03,1,13091,1
13691,1.70568E+04,1.27166E+04,0.00000E+00,9.36654E+01,1,13108,1
13702,7.01951E+04,7.41956E+04,0.00000E+00,9.22797E+03,1,13119,1
13728,4.35081E+04,7.93695E+04,0.00000E+00,3.52953E+03,1,13145,1
13738,2.90949E+01,9.55237E+02,0.00000E+00,1.40352E+03,1,13154,1
13739,1.24673E+04,1.26179E+04,0.00000E+00,5.22941E+01,1,13155,1
13779,0.00000E+00,0.00000E+00,0.00000E+00,0.00000E+00,1,13194,1
13800,5.49351E+04,1.13659E+05,0.00000E+00,7.67067E+03,1,13215,1
13801,9.85920E+04,7.85493E+04,0.00000E+00,2.19052E+04,1,13216,1
13815,3.91734E+04,7.02218E+04,0.00000E+00,2.77937E+03,1,13230,1
13816,5.94253E+05,9.71396E+05,1.37536E-04,1.91850E+05,1,13231,1
13837,3.74412E+04,4.36072E+04,0.00000E+00,7.01454E+03,1,13251,1
13847,1.22875E+04,1.04840E+04,0.00000E+00,8.84241E+03,1,13260,1
13853,1.35974E+04,1.03564E+04,0.00000E+00,9.43740E+03,1,13266,1
13912,6.44728E+02,4.63844E+02,0.00000E+00,8.30260E+02,1,13323,1
13930,3.34982E+04,2.80252E+04,0.00000E+00,4.88244E+03,1,13340,1
14113,1.38270E+04,1.29113E+04,0.00000E+00,5.59567E+02,0,13517,1
14140,0.00000E+00,0.00000E+00,0.00000E+00,2.62449E+03,0,13541,1
14248,0.00000E+00,0.00000E+00,0.00000E+00,0.00000E+00,0,13641,1
14631,5.47888E+02,5.83442E+02,0.00000E+00,0.00000E+00,0,13998,1
14688,0.00000E+00,0.00000E+00,0.00000E+00,0.00000E+00,0,14048,1
14769,5.79082E+02,5.96466E+03,0.00000E+00,3.40838E+03,0,14120,1
14811,0.00000E+00,0.00000E+00,0.00000E+00,0.00000E+00,0,14156,1
15067,5.74270E+03,4.40422E+03,0.00000E+00,7.13665E+03,0,14385,1
15311,0.00000E+00,0.00000E+00,0.00000E+00,0.00000E+00,0,14607,1
15475,0.00000E+00,0.00000E+00,0.00000E+00,1.87866E+03,0,14759,1
15899,1.26066E+03,1.30384E+03,0.00000E+00,0.00000E+00,0,15148,1
16252,0.00000E+00,0.00000E+00,0.00000E+00,0.00000E+00,0,15476,1
16308,0.00000E+00,0.00000E+00,0.00000E+00,0.00000E+00,1,15530,1
16515,0.00000E+00,0.00000E+00,0.00000E+00,0.00000E+00,1,15727,1
16675,0.00000E+00,0.00000E+00,0.00000E+00,0.00000E+00,1,15877,1
16870,5.36519E+03,5.44189E+03,0.00000E+00,4.32978E+03,1,16051,1
16892,0.00000E+00,0.00000E+00,0.00000E+00,0.00000E+00,1,16072,1
17041,5.89676E+02,6.27257E+02,0.00000E+00,0.00000E+00,1,16208,1
17097,1.72704E+03,1.24185E+03,0.00000E+00,0.00000E+00,1,16258,1
17098,1.51651E+03,1.55671E+03,0.00000E+00,0.00000E+00,1,16259,1
17124,0.00000E+00,0.00000E+00,0.00000E+00,0.00000E+00,1,16285,1
17125,1.98103E+03,2.35075E+03,0.00000E+00,5.49022E+02,1,16286,1
17317,0.00000E+00,0.00000E+00,0.00000E+00,0.00000E+00,1,16458,1
17646,0.00000E+00,0.00000E+00,0.00000E+00,0.00000E+00,1,16760,1
17756,5.88807E+02,4.23763E+02,0.00000E+00,7.98655E+02,1,16861,1
17757,0.00000E+00,0.00000E+00,0.00000E+00,1.27220E+03,1,16862,1
18143,0.00000E+00,0.00000E+00,0.00000E+00,0.00000E+00,1,17221,1
18567,1.25338E+05,1.48078E+05,0.00000E+00,1.53260E+04,0,17616,1
18569,7.47408E+04,1.70016E+05,1.90691E-05,2.64130E+04,0,17618,1
18579,1.07944E+03,1.52347E+03,0.00000E+00,0.00000E+00,0,17627,1
18580,6.99417E+03,7.88340E+03,0.00000E+00,5.73010E+02,0,17628,1
18581,1.01607E+05,2.93550E+05,5.32000E-06,4.12553E+04,0,17629,1
18582,5.27710E+05,1.30083E+06,8.99061E-04,3.90924E+05,0,17630,1
18589,6.04588E+04,1.31080E+05,0.00000E+00,1.01029E+04,0,17637,1
18597,2.44203E+05,4.96540E+05,3.16608E-04,1.31062E+05,0,17645,1
18598,7.00298E+05,1.13664E+06,7.26112E-03,2.33265E+05,0,17646,1
18615,2.85437E+05,2.92819E+05,0.00000E+00,5.93090E+04,0,17662,1
18616,6.17808E+05,1.00121E+06,1.25783E-04,2.11329E+05,0,17663,1
18617,8.27062E+05,1.31273E+06,4.18966E-04,2.87312E+05,0,17664,1
18618,5.85101E+05,1.14873E+06,1.51916E-03,3.02420E+05,0,17665,1
18620,5.27116E+05,1.05552E+06,1.03421E-03,2.61678E+05,0,17667,1
18621,1.26336E+06,2.52416E+06,1.88578E-02,9.38162E+05,0,17668,1
18635,2.95272E+03,2.12262E+03,0.00000E+00,1.70954E+03,0,17682,1
18637,2.17842E+05,3.67649E+05,4.42493E-06,3.84277E+04,0,17684,1
18638,8.95499E+05,1.95372E+06,3.60780E-03,6.22917E+05,0,17685,1
18641,6.82882E+05,1.06436E+06,9.82862E-05,2.77518E+05,0,17688,1
18647,1.38256E+04,1.41117E+04,0.00000E+00,8.43808E+00,0,17694,1
18648,4.22234E+05,7.39684E+05,3.13455E-04,1.59459E+05,0,17695,1
18649,1.73390E+06,4.01151E+06,7.64015E-03,1.36024E+06,0,17696,1
18651,3.85138E+04,6.40512E+04,0.00000E+00,3.73506E+03,0,17698,1
18652,1.45645E+05,1.31654E+05,0.00000E+00,3.52537E+04,0,17699,1
18655,2.95507E+03,2.12713E+03,0.00000E+00,0.00000E+00,0,17702,1
18660,2.57166E+05,3.84380E+05,3.77829E-05,7.40373E+04,0,17707,1
18661,1.39497E+05,3.64885E+05,2.85235E-03,2.45763E+05,0,17708,1
18667,6.10326E+05,7.95093E+05,1.57000E-05,1.51193E+05,0,17714,1
18670,9.96980E+05,1.83782E+06,6.24067E-04,5.53868E+05,0,17717,1
18675,3.58513E+05,4.62510E+05,0.00000E+00,7.94547E+04,0,17722,1
18676,4.90766E+05,6.31430E+05,1.09994E-04,1.38900E+05,0,17723,1
18681,3.04492E+04,3.17430E+04,0.00000E+00,1.45455E+04,0,17727,1
18682,2.61183E+05,3.00291E+05,1.23862E-05,6.25971E+04,0,17728,1
18688,4.48096E+03,4.93166E+03,0.00000E+00,1.22146E+00,0,17734,1
18690,3.22994E+04,3.92351E+04,0.00000E+00,2.27990E+03,0,17736,1
18691,5.74773E+04,4.79027E+04,0.00000E+00,1.21099E+04,0,17737,1
18694,1.09652E+05,1.31563E+05,0.00000E+00,1.82470E+04,0,17740,1
18695,1.36271E+06,3.20745E+06,3.14407E-03,8.95746E+05,0,17741,1
18696,1.85988E+06,5.05670E+06,2.04570E-02,1.93248E+06,0,17742,1
18699,3.03355E+05,3.30729E+05,0.00000E+00,6.33402E+04,0,17745,1
18700,7.70304E+05,1.84344E+06,5.05731E-03,5.60023E+05,0,17746,1
18705,2.89372E+04,3.92957E+04,0.00000E+00,1.94437E+03,0,17751,1
18709,9.90809E+05,2.28185E+06,3.65455E-03,7.24158E+05,0,17755,1
18710,6.14421E+05,9.18863E+05,0.00000E+00,1.78374E+05,0,17756,1
18716,1.07238E+06,6.47282E+06,1.58290E-01,2.30895E+06,0,17761,1
18719,2.78136E+05,3.41285E+05,0.00000E+00,1.19856E+05,0,17764,1
18720,1.08125E+06,2.02671E+06,3.63680E-04,5.15907E+05,0,17765,1
18727,1.36661E+05,1.61319E+05,0.00000E+00,1.75529E+04,0,17772,1
18728,2.14445E+06,5.22747E+06,5.94570E-01,2.51854E+06,0,17773,1
18732,2.41330E+04,1.83597E+04,0.00000E+00,1.21714E+04,0,17777,1
18733,2.67019E+05,2.75916E+05,0.00000E+00,6.23105E+04,0,17778,1
18734,6.70015E+05,9.84851E+05,8.93300E-05,2.30121E+05,0,17779,1
18735,6.70662E+05,1.06549E+06,5.32000E-06,2.48344E+05,0,17780,1
18739,2.83354E+04,3.30162E+04,0.00000E+00,1.54285E+03,0,17784,1
18740,1.29017E+05,1.06454E+05,0.00000E+00,3.10834E+04,0,17785,1
18743,3.11754E+05,3.21792E+05,0.00000E+00,6.66317E+04,0,17788,1
18744,8.16687E+04,8.98145E+04,0.00000E+00,9.95260E+03,0,17789,1
18745,9.35908E+05,1.74908E+06,5.18251E-04,5.12423E+05,0,17790,1
18746,2.69344E+05,3.93239E+05,0.00000E+00,6.48074E+04,0,17791,1
18749,1.95041E+04,1.87074E+04,0.00000E+00,2.15044E+02,0,17794,1
18750,9.07978E+05,1.73761E+06,3.86995E-04,3.98252E+05,0,17795,1
18751,7.97947E+05,1.27241E+06,4.43297E-03,2.89745E+05,0,17796,1
18757,6.67828E+04,1.00663E+05,0.00000E+00,4.13468E+03,0,17802,1
18758,5.01106E+05,6.71087E+05,0.00000E+00,1.37420E+05,0,17803,1
18759,1.35198E+05,1.22365E+05,0.00000E+00,2.69906E+04,0,17803,1
18760,2.31468E+05,6.41293E+05,5.38104E-04,1.78207E+05,0,17804,1
18761,1.53282E+05,2.38333E+05,0.00000E+00,2.20324E+04,0,17805,1
18762,1.22756E+06,3.30151E+06,3.51049E-02,1.57676E+06,0,17806,1
18766,9.26198E+03,1.42231E+04,0.00000E+00,5.61055E+03,0,17810,1
18767,7.41515E+05,1.20368E+06,1.87574E-04,3.21737E+05,0,17811,1
18774,0.00000E+00,0.00000E+00,0.00000E+00,0.00000E+00,0,17818,1
18775,5.01435E+04,6.30703E+04,1.86227E-04,3.78688E+03,0,17819,1
18776,1.34065E+05,1.19366E+05,0.00000E+00,3.10087E+04,0,17820,1
18777,3.25852E+05,8.61133E+05,1.11241E-04,1.72065E+05,0,17821,1
18779,3.44700E+05,5.74156E+05,4.88063E-04,1.40083E+05,0,17823,1
18784,1.33577E+04,1.31209E+04,0.00000E+00,1.39764E+01,0,17828,1
18786,2.07862E+03,1.49839E+03,0.00000E+00,0.00000E+00,0,17830,1
18788,1.07260E+05,2.33219E+05,2.68350E-05,4.80827E+04,0,17832,1
18789,1.35748E+05,1.21313E+05,0.00000E+00,3.01792E+04,0,17833,1
18796,1.49386E+06,3.35241E+06,2.72523E-02,1.28648E+06,0,17840,1
18800,8.50370E+02,6.11115E+02,0.00000E+00,9.36603E+02,0,17844,1
18802,7.41013E+04,7.44505E+04,0.00000E+00,1.90611E+04,0,17846,1
18806,4.45676E+03,4.90378E+03,0.00000E+00,1.07798E+00,0,17850,1
18807,1.47625E+05,1.84995E+05,0.00000E+00,2.55556E+04,0,17851,1
18811,2.10866E+05,4.57800E+05,1.18310E-05,8.58927E+04,0,17855,1
18816,2.26183E+05,2.75781E+05,0.00000E+00,4.52056E+04,0,17860,1
18817,2.40070E+05,2.47638E+05,0.00000E+00,5.89246E+04,0,17861,1
18830,6.43869E+02,4.63231E+02,0.00000E+00,8.29800E+02,0,17874,1
18831,3.75025E+04,6.62234E+04,0.00000E+00,2.43702E+03,0,17875,1
18832,4.66733E+05,9.02550E+05,8.26258E-05,1.69479E+05,0,17876,1
18847,4.66221E+05,1.04645E+06,6.55428E-03,3.79868E+05,0,17891,1
18861,6.92869E+04,6.12168E+04,0.00000E+00,2.32419E+04,0,17905,1
18862,2.52357E+05,2.55605E+05,0.00000E+00,4.45896E+04,0,17906,1
18863,1.09718E+06,2.25515E+06,1.23257E-03,6.05878E+05,0,17907,1
18866,3.07170E+05,3.06945E+05,0.00000E+00,6.09451E+04,0,17910,1
18867,4.50129E+05,6.91499E+05,2.85796E-01,1.05825E+05,0,17911,1
18872,4.21422E+04,3.69347E+04,0.00000E+00,1.70141E+03,0,17915,1
18876,2.68654E+05,2.94253E+05,0.00000E+00,5.48622E+04,0,17919,1
18879,5.23705E+04,6.86225E+04,0.00000E+00,2.75762E+03,0,17922,1
18880,2.08099E+05,2.33165E+05,1.57000E-05,4.96478E+04,0,17923,1
18881,4.46894E+04,5.87639E+04,0.00000E+00,2.28386E+03,0,17924,1
18894,3.04702E+05,3.30037E+05,0.00000E+00,7.14412E+04,0,17935,1
18905,1.33020E+05,1.35845E+05,0.00000E+00,2.64884E+04,0,17945,1
18912,4.18856E+04,3.67757E+04,0.00000E+00,1.82417E+03,0,17952,1
18913,9.13697E+04,9.62455E+04,0.00000E+00,2.28268E+04,0,17953,1
18914,6.05132E+05,8.85231E+05,3.89371E-03,1.81852E+05,0,17954,1
18917,6.02107E+04,6.04897E+04,0.00000E+00,5.47324E+03,0,17957,1
18924,2.74625E+05,3.35966E+05,0.00000E+00,5.30319E+04,0,17964,1
18925,1.34773E+05,1.25369E+05,0.00000E+00,2.89538E+04,0,17965,1
18931,1.11210E+06,3.34254E+06,2.88176E-02,1.13285E+06,0,17971,1
18932,1.51714E+06,3.36212E+06,4.37352E-03,1.27073E+06,0,17972,1
18933,1.42751E+06,3.30594E+06,2.84589E-02,1.33796E+06,0,17973,1
18938,1.13109E+05,1.16323E+05,0.00000E+00,1.98618E+04,0,17978,1
18939,1.19255E+06,2.34974E+06,1.68289E-03,7.73967E+05,0,17979,1
18961,9.90517E+05,1.79805E+06,1.06227E-03,5.99146E+05,0,18001,1
18975,3.15598E+03,4.47390E+03,0.00000E+00,0.00000E+00,0,18014,1
18981,2.05910E+03,6.93761E+03,0.00000E+00,1.52565E+03,0,18020,1
18982,7.38837E+05,2.56503E+06,9.63286E-03,7.65625E+05,0,18021,1
18996,1.73187E+05,1.61178E+05,0.00000E+00,3.40742E+04,0,18035,1
19008,4.74509E+05,6.20585E+05,4.68428E-05,1.24796E+05,0,18047,1
19018,8.91599E+04,9.57117E+04,0.00000E+00,1.84300E+04,0,18057,1
19019,1.10926E+05,1.50828E+05,1.57000E-05,2.96448E+04,0,18058,1
19039,3.68853E+04,3.16794E+04,0.00000E+00,1.35747E+04,0,18078,1
19055,4.68248E+03,5.03729E+03,0.00000E+00,2.43788E+02,0,18094,1
19062,5.07350E+02,3.65569E+02,0.00000E+00,7.49792E+02,0,18101,1
19089,0.00000E+00,0.00000E+00,0.00000E+00,2.45439E+03,0,18127,1
19215,4.99552E+04,9.89294E+04,0.00000E+00,5.81088E+03,0,18251,1
19276,0.00000E+00,0.00000E+00,0.00000E+00,0.00000E+00,0,18311,1
19290,1.20868E+05,2.04558E+05,0.00000E+00,1.87718E+04,1,18325,1
19291,5.95280E+05,9.06828E+05,8.93300E-05,2.44671E+05,1,18326,1
19296,5.79264E+05,8.02874E+05,5.33569E-05,1.84568E+05,1,18331,1
19300,1.37192E+04,1.39581E+04,0.00000E+00,1.56786E+02,1,18335,1
19301,1.07207E+05,1.20757E+05,0.00000E+00,1.87917E+04,1,18336,1
19305,2.49963E+04,3.09838E+04,0.00000E+00,1.00750E+04,1,18340,1
19306,3.41522E+05,3.81415E+05,0.00000E+00,6.87760E+04,1,18341,1
19307,8.82468E+05,1.43162E+06,3.32146E-03,3.73147E+05,1,18342,1
19318,0.00000E+00,0.00000E+00,0.00000E+00,0.00000E+00,1,18353,1
19319,6.60111E+04,1.20791E+05,0.00000E+00,2.16758E+04,1,18354,1
19320,8.91924E+04,1.21880E+05,0.00000E+00,1.84629E+04,1,18355,1
19321,1.75972E+05,2.03648E+05,7.84662E-06,4.07699E+04,1,18356,1
19326,1.48455E+05,2.06823E+05,0.00000E+00,1.32259E+04,1,18361,1
19327,5.52121E+05,1.29667E+06,4.83973E-04,3.04360E+05,1,18362,1
19329,2.62480E+04,1.97349E+04,0.00000E+00,1.15042E+04,1,18364,1
19330,9.40404E+05,3.23321E+06,1.13330E-02,1.05832E+06,1,18365,1
19335,3.53140E+05,4.46382E+05,0.00000E+00,7.54539E+04,1,18370,1
19336,3.09713E+05,8.73768E+05,1.38025E-04,1.69521E+05,1,18371,1
19337,6.18451E+05,1.10754E+06,7.71431E-04,2.65119E+05,1,18372,1
19341,1.56856E+03,1.12453E+03,0.00000E+00,1.24208E+03,1,18376,1
19345,2.13128E+06,6.85162E+06,1.31691E-01,2.89839E+06,1,18380,1
19352,2.88580E+03,4.08460E+03,0.00000E+00,0.00000E+00,1,18387,1
19353,4.58593E+04,7.19028E+04,0.00000E+00,2.74395E+03,1,18388,1
19354,4.85022E+05,6.37760E+05,0.00000E+00,1.06193E+05,1,18389,1
19364,9.45112E+05,1.93741E+06,5.86157E-03,5.84553E+05,1,18398,1
19367,3.08042E+04,4.50993E+04,0.00000E+00,2.16891E+03,1,18401,1
19369,5.21800E+04,6.06056E+04,0.00000E+00,5.48332E+03,1,18403,1
19375,1.29261E+04,1.63567E+04,0.00000E+00,1.02916E+01,1,18409,1
19381,3.21005E+05,3.51165E+05,0.00000E+00,6.40447E+04,1,18415,1
19383,2.45054E+03,2.46881E+03,0.00000E+00,0.00000E+00,1,18417,1
19384,0.00000E+00,0.00000E+00,0.00000E+00,2.85525E+03,1,18418,1
19386,3.33549E+04,3.48856E+04,0.00000E+00,1.72502E+03,1,18420,1
19387,2.45366E+05,7.19929E+05,1.15735E-04,1.40999E+05,1,18421,1
19388,3.39193E+05,5.01391E+05,1.01353E-04,1.22213E+05,1,18422,1
19389,2.05913E+06,5.22977E+06,1.37553E-02,2.06268E+06,1,18423,1
19392,9.82120E+04,1.32827E+05,0.00000E+00,1.01556E+05,1,18426,1
19393,4.17865E+06,1.48701E+07,2.07021E-01,7.54895E+06,1,18427,1
19397,7.89119E+05,1.19471E+06,1.21481E-04,2.95580E+05,1,18431,1
19398,3.07664E+04,2.60788E+04,0.00000E+00,1.80133E+03,1,18432,1
19403,5.95802E+04,1.28209E+05,0.00000E+00,9.68106E+03,1,18436,1
19404,1.62672E+04,2.02183E+04,0.00000E+00,1.10819E+02,1,18437,1
19408,1.98276E+05,2.00220E+05,0.00000E+00,3.08925E+04,1,18441,1
19409,1.43824E+06,3.01450E+06,3.04799E-03,1.14888E+06,1,18442,1
19410,7.39091E+05,1.09520E+06,3.87595E-04,2.26172E+05,1,18442,1
19411,5.10869E+06,2.10583E+07,1.13011E+00,1.27708E+07,1,18443,1
19418,1.69414E+05,1.86060E+05,0.00000E+00,3.92413E+04,1,18450,1
19419,1.06063E+06,2.05498E+06,5.60223E-04,6.66626E+05,1,18451,1
19423,1.37879E+06,4.41176E+06,1.12193E-01,1.97167E+06,1,18455,1
19427,3.19488E+04,3.53168E+04,8.72409E-05,3.43173E+03,1,18459,1
19429,8.39637E+03,7.26171E+03,0.00000E+00,3.24379E+03,1,18461,1
19430,4.39655E+05,5.03460E+05,1.48219E-05,8.71822E+04,1,18462,1
19433,3.68525E+04,5.00655E+04,0.00000E+00,1.15976E+04,1,18465,1
19437,1.17690E+05,1.14017E+05,1.90248E-03,2.40173E+04,1,18469,1
19438,1.84172E+06,5.09068E+06,1.93425E-02,2.07663E+06,1,18470,1
19444,3.54676E+05,5.49456E+05,5.70319E-06,9.36826E+04,1,18476,1
19445,6.74426E+05,1.06642E+06,5.28925E-04,3.18082E+05,1,18477,1
19446,8.29143E+05,2.06024E+06,1.95486E-03,5.44221E+05,1,18478,1
19450,9.02023E+04,1.65536E+05,1.08168E-05,2.94349E+04,1,18482,1
19451,9.53892E+05,1.79979E+06,7.51940E-04,6.07270E+05,1,18483,1
19454,2.05182E+03,2.89851E+03,0.00000E+00,0.00000E+00,1,18486,1
19455,1.20272E+03,8.71537E+02,0.00000E+00,0.00000E+00,1,18487,1
19456,7.83965E+05,1.68320E+06,6.16680E-04,4.73371E+05,1,18488,1
19457,3.86234E+06,1.80530E+07,1.08400E+00,8.06940E+06,1,18489,1
19463,3.76854E+04,2.90388E+04,0.00000E+00,1.50495E+04,1,18495,1
19468,3.68161E+06,1.63259E+07,9.65188E-01,7.24464E+06,1,18500,1
19473,9.15886E+05,1.58096E+06,4.54209E-04,4.30874E+05,1,18505,1
19474,1.92854E+06,5.27387E+06,5.59186E-02,2.54238E+06,1,18506,1
19477,2.09204E+05,1.95085E+05,0.00000E+00,4.63108E+04,1,18509,1
19479,6.15710E+05,9.66977E+05,1.73972E-04,2.08467E+05,1,18511,1
19483,3.22494E+05,4.83835E+05,0.00000E+00,7.05287E+04,1,18515,1
19484,4.86259E+06,1.51757E+07,1.91838E+00,6.86231E+06,1,18516,1
19495,8.36948E+02,1.00384E+03,0.00000E+00,9.03641E+02,1,18526,1
19498,1.51593E+06,3.28145E+06,5.50246E-03,1.42410E+06,1,18529,1
19501,1.33459E+05,1.10690E+05,0.00000E+00,2.46288E+04,1,18532,1
19502,3.64149E+05,6.85558E+05,1.12217E-03,1.99922E+05,1,18533,1
19508,7.79755E+04,8.39850E+04,0.00000E+00,7.98344E+03,1,18539,1
19509,2.07233E+05,3.63187E+05,0.00000E+00,4.79148E+04,1,18540,1
19510,1.88384E+05,1.98774E+05,7.85631E-06,4.90200E+04,1,18541,1
19511,6.45307E+05,1.15758E+06,2.85519E-01,3.14204E+05,1,18542,1
19517,3.56836E+05,3.90921E+05,2.79152E-05,9.32131E+04,1,18548,1
19521,9.11631E+04,1.01877E+05,0.00000E+00,1.83123E+04,1,18551,1
19522,5.66670E+05,8.12281E+05,2.46200E-04,1.62156E+05,1,18552,1
19523,7.28614E+05,1.20097E+06,2.33928E-03,3.92342E+05,1,18553,1
19529,1.48608E+05,2.57772E+05,0.00000E+00,2.84682E+04,1,18559,1
19533,1.41719E+04,1.66295E+04,0.00000E+00,8.16041E+00,1,18563,1
19534,2.64157E+05,3.57780E+05,0.00000E+00,5.93418E+04,1,18564,1
19535,2.48619E+05,3.17661E+05,0.00000E+00,4.93913E+04,1,18565,1
19544,1.74691E+04,1.33016E+04,0.00000E+00,1.05211E+04,1,18574,1
19545,4.88368E+05,6.77944E+05,1.10570E-03,2.14970E+05,1,18575,1
19553,1.55026E+04,1.70431E+04,0.00000E+00,1.81278E+03,1,18583,1
19554,5.18665E+05,7.09858E+05,0.00000E+00,1.74080E+05,1,18584,1
19555,2.25458E+05,2.94930E+05,0.00000E+00,5.18593E+04,1,18585,1
19556,1.87889E+05,2.64754E+05,5.18594E-06,4.58610E+04,1,18586,1
19562,5.33845E+05,7.03860E+05,5.32000E-06,1.43115E+05,1,18592,1
19568,1.90937E+05,1.72912E+05,0.00000E+00,4.30569E+04,1,18598,1
19569,2.39469E+02,4.07825E+03,0.00000E+00,8.81654E+03,1,18598,1
19570,4.50441E+05,5.93139E+05,0.00000E+00,1.40466E+05,1,18599,1
19575,1.94346E+06,5.88393E+06,4.23259E-01,2.40774E+06,1,18604,1
19582,3.92458E+04,5.83762E+04,0.00000E+00,7.75616E+03,1,18611,1
19583,1.23418E+05,1.30466E+05,0.00000E+00,2.37776E+04,1,18612,1
19584,3.26177E+05,4.09662E+05,2.22607E-05,7.48652E+04,1,18613,1
19589,6.27148E+05,8.60862E+05,0.00000E+00,1.73163E+05,1,18618,1
19590,1.15400E+06,2.21752E+06,1.33461E-03,7.05176E+05,1,18619,1
19591,1.68987E+06,3.88648E+06,5.45570E-03,1.43223E+06,1,18620,1
19596,1.27318E+06,3.62480E+06,1.52783E-02,1.27280E+06,1,18625,1
19611,1.49771E+05,1.24679E+05,0.00000E+00,3.38238E+04,1,18640,1
19618,4.43082E+05,7.67606E+05,1.09672E-03,2.06975E+05,1,18647,1
19624,3.97476E+03,3.95269E+03,0.00000E+00,1.39493E+00,1,18653,1
19630,6.48840E+05,9.75268E+05,2.49408E-04,2.21114E+05,1,18659,1
19639,7.37116E+05,1.55852E+06,8.29698E-04,3.74976E+05,1,18667,1
19654,8.62448E+03,6.88138E+03,0.00000E+00,3.33291E+03,1,18682,1
19664,0.00000E+00,0.00000E+00,0.00000E+00,1.98788E+03,1,18692,1
19665,2.35280E+04,2.57658E+04,0.00000E+00,6.02858E+03,1,18693,1
19683,0.00000E+00,0.00000E+00,0.00000E+00,0.00000E+00,1,18710,1
19689,1.00943E+04,7.27402E+03,0.00000E+00,1.40485E+01,1,18716,1
19693,1.75921E+04,2.20065E+04,0.00000E+00,3.62717E+02,1,18720,1
19701,3.33170E+05,3.74367E+05,0.00000E+00,8.13984E+04,1,18728,1
19732,7.53323E+03,5.41465E+03,0.00000E+00,6.87423E+02,1,18759,1
19737,2.60797E+03,3.84723E+03,0.00000E+00,1.18230E+02,1,18764,1
19752,4.76849E+04,8.40080E+04,0.00000E+00,3.62227E+03,1,18779,1
19833,3.92117E+03,5.55024E+03,0.00000E+00,0.00000E+00,1,18858,1
19844,2.57355E+04,1.96995E+04,0.00000E+00,1.35234E+04,1,18869,1
19915,0.00000E+00,0.00000E+00,0.00000E+00,2.79908E+03,1,18939,1
19942,3.17488E+04,3.83518E+04,0.00000E+00,2.16922E+03,1,18966,1
19968,1.93459E+04,1.63324E+04,0.00000E+00,1.09634E+04,0,18992,1
19969,2.62534E+05,2.62072E+05,0.00000E+00,4.54409E+04,0,18993,1
19970,1.71867E+04,2.87707E+04,3.04543E-04,4.24233E+03,0,18994,1
19971,2.58765E+05,8.53219E+05,3.61466E-04,2.04614E+05,1,18995,1
19972,1.98170E+05,2.84416E+05,3.10582E-04,1.01210E+05,1,18996,1
19973,4.92187E+05,6.02514E+05,0.00000E+00,1.03542E+05,1,18997,1
19974,1.40953E+06,3.28790E+06,6.11861E-03,1.38751E+06,1,18998,1
20034,2.16028E+00,1.01887E+01,0.00000E+00,1.08095E+03,0,19055,1
20104,0.00000E+00,0.00000E+00,0.00000E+00,0.00000E+00,0,19117,1
20106,0.00000E+00,0.00000E+00,0.00000E+00,0.00000E+00,0,19119,1
20107,4.48560E+04,5.57611E+04,0.00000E+00,9.95179E+03,0,19120,1
20169,3.80333E+02,2.74503E+02,0.00000E+00,2.99516E+03,0,19178,1
20239,7.56574E+03,5.43716E+03,0.00000E+00,3.73024E+00,0,19241,1
20463,0.00000E+00,0.00000E+00,0.00000E+00,3.46545E+03,0,19452,1
20549,7.94516E+03,1.13573E+04,0.00000E+00,1.29927E+01,0,19531,1
20620,0.00000E+00,0.00000E+00,0.00000E+00,0.00000E+00,0,19598,1
20748,3.32645E+01,2.30713E+02,0.00000E+00,1.81230E+02,1,19720,1
20749,0.00000E+00,0.00000E+00,0.00000E+00,0.00000E+00,1,19721,1
20812,0.00000E+00,0.00000E+00,0.00000E+00,1.06460E+03,1,19781,1
20817,0.00000E+00,0.00000E+00,0.00000E+00,0.00000E+00,1,19786,1
20818,0.00000E+00,0.00000E+00,0.00000E+00,0.00000E+00,1,19787,1
20819,1.35130E+03,1.20846E+04,0.00000E+00,3.24128E+03,1,19788,1
20882,0.00000E+00,0.00000E+00,0.00000E+00,0.00000E+00,1,19847,1
21016,1.27816E+03,1.32018E+03,0.00000E+00,0.00000E+00,1,19970,1
21152,0.00000E+00,0.00000E+00,0.00000E+00,0.00000E+00,1,20094,1
21154,0.00000E+00,0.00000E+00,0.00000E+00,0.00000E+00,1,20096,1
21228,6.92474E+02,7.32053E+02,0.00000E+00,0.00000E+00,1,20162,1
21292,1.45291E+01,1.02112E+02,0.00000E+00,1.52232E+02,1,20221,1
21378,0.00000E+00,0.00000E+00,0.00000E+00,0.00000E+00,1,20302,1
21379,0.00000E+00,0.00000E+00,0.00000E+00,0.00000E+00,1,20302,1
21381,7.11946E+04,8.90647E+04,0.00000E+00,3.36008E+03,0,20304,1
21382,2.21815E+05,2.08480E+05,0.00000E+00,4.66584E+04,1,20305,1
21383,8.83871E+04,1.13371E+05,0.00000E+00,1.93674E+04,1,20305,1
21384,6.53368E+04,1.06823E+05,0.00000E+00,1.60852E+04,1,20306,1
