taxonomy,conversion,weight
AGR1-C2L-LC,AGR1-C2L-LC,1
AGR1-C2L-MC,AGR1-C2L-MC,1
AGR1-C2L-PC,AGR1-C2L-PC,1
AGR1-URMM-LC,AGR1-URMM-LC,1
AGR1-URMM-PC,AGR1-URMM-PC,1
AGR1-W3-HC,AGR1-W2-HC,1
AGR1-W3-LC,AGR1-W2-LC,1
AGR1-W3-MC,AGR1-W2-MC,1
AGR1-W3-PC,AGR1-W2-PC,1
COM1-C1L-HC,COM1-C1L-HC,1
COM1-C1L-LC,COM1-C1L-LC,1
COM1-C1L-MC,COM1-C1L-MC,1
COM1-C1L-PC,COM1-C1L-PC,1
COM1-C1M-HC,COM1-C1M-HC,1
COM1-C1M-LC,COM1-C1M-LC,1
COM1-C1M-MC,COM1-C1M-MC,1
COM1-C1M-PC,COM1-C1M-PC,1
COM1-C2L-HC,COM1-C2L-HC,1
COM1-C2L-LC,COM1-C2L-LC,1
COM1-C2L-MC,COM1-C2L-MC,1
COM1-C2L-PC,COM1-C2L-PC,1
COM1-C2M-HC,COM1-C2M-HC,1
COM1-C2M-LC,COM1-C2M-LC,1
COM1-C2M-MC,COM1-C2M-MC,1
COM1-C2M-PC,COM1-C2M-PC,1
COM1-C3L-LC,COM1-C3L-LC,1
COM1-C3L-PC,COM1-C3L-PC,1
COM1-C3M-LC,COM1-C3M-LC,1
COM1-C3M-PC,COM1-C3M-PC,1
COM1-MH-HC,COM1-MH-HC,1
COM1-MH-LC,COM1-MH-LC,1
COM1-MH-MC,COM1-MH-MC,1
COM1-MH-PC,COM1-MH-PC,1
COM1-PC1-HC,COM1-PC1-HC,1
COM1-PC1-LC,COM1-PC1-LC,1
COM1-PC1-MC,COM1-PC1-MC,1
COM1-PC1-PC,COM1-PC1-PC,1
COM1-PC2L-HC,COM1-PC2L-HC,1
COM1-PC2L-LC,COM1-PC2L-LC,1
COM1-PC2L-MC,COM1-PC2L-MC,1
COM1-PC2L-PC,COM1-PC2L-PC,1
COM1-PC2M-HC,COM1-PC2M-HC,1
COM1-PC2M-LC,COM1-PC2M-LC,1
COM1-PC2M-MC,COM1-PC2M-MC,1
COM1-PC2M-PC,COM1-PC2M-PC,1
COM1-RM1L-HC,COM1-RM1L-HC,1
COM1-RM1L-LC,COM1-RM1L-LC,1
COM1-RM1L-MC,COM1-RM1L-MC,1
COM1-RM1L-PC,COM1-RM1L-PC,1
COM1-RM1M-HC,COM1-RM1M-HC,1
COM1-RM1M-LC,COM1-RM1M-LC,1
COM1-RM1M-MC,COM1-RM1M-MC,1
COM1-RM1M-PC,COM1-RM1M-PC,1
COM1-RM2L-HC,COM1-RM2L-HC,1
COM1-RM2L-LC,COM1-RM2L-LC,1
COM1-RM2L-MC,COM1-RM2L-MC,1
COM1-RM2L-PC,COM1-RM2L-PC,1
COM1-RM2M-PC,COM1-RM2M-PC,1
COM1-S1L-HC,COM1-S1L-HC,1
COM1-S1L-LC,COM1-S1L-LC,1
COM1-S1L-MC,COM1-S1L-MC,1
COM1-S1L-PC,COM1-S1L-PC,1
COM1-S1M-HC,COM1-S1M-HC,1
COM1-S1M-LC,COM1-S1M-LC,1
COM1-S1M-MC,COM1-S1M-MC,1
COM1-S1M-PC,COM1-S1M-PC,1
COM1-S2L-HC,COM1-S2L-HC,1
COM1-S2L-LC,COM1-S2L-LC,1
COM1-S2L-MC,COM1-S2L-MC,1
COM1-S2L-PC,COM1-S2L-PC,1
COM1-S2M-HC,COM1-S2M-HC,1
COM1-S2M-LC,COM1-S2M-LC,1
COM1-S2M-MC,COM1-S2M-MC,1
COM1-S2M-PC,COM1-S2M-PC,1
COM1-S3-HC,COM1-S3-HC,1
COM1-S3-LC,COM1-S3-LC,1
COM1-S3-MC,COM1-S3-MC,1
COM1-S3-PC,COM1-S3-PC,1
COM1-S4L-HC,COM1-S4L-HC,1
COM1-S4L-LC,COM1-S4L-LC,1
COM1-S4L-MC,COM1-S4L-MC,1
COM1-S4L-PC,COM1-S4L-PC,1
COM1-S4M-HC,COM1-S4M-HC,1
COM1-S4M-LC,COM1-S4M-LC,1
COM1-S4M-MC,COM1-S4M-MC,1
COM1-S4M-PC,COM1-S4M-PC,1
COM1-S5L-LC,COM1-S5L-LC,1
COM1-S5L-PC,COM1-S5L-PC,1
COM1-S5M-LC,COM1-S5M-LC,1
COM1-S5M-PC,COM1-S5M-PC,1
COM1-URML-LC,COM1-URML-LC,1
COM1-URML-PC,COM1-URML-PC,1
COM1-URMM-LC,COM1-URMM-LC,1
COM1-URMM-PC,COM1-URMM-PC,1
COM1-W3-HC,COM1-W2-HC,1
COM1-W3-LC,COM1-W2-LC,1
COM1-W3-MC,COM1-W2-MC,1
COM1-W3-PC,COM1-W2-PC,1
COM2-C1L-HC,COM2-C1L-HC,1
COM2-C1L-LC,COM2-C1L-LC,1
COM2-C1L-MC,COM2-C1L-MC,1
COM2-C1L-PC,COM2-C1L-PC,1
COM2-C2H-HC,COM2-C2H-HC,1
COM2-C2H-LC,COM2-C2H-LC,1
COM2-C2H-MC,COM2-C2H-MC,1
COM2-C2H-PC,COM2-C2H-PC,1
COM2-C2L-HC,COM2-C2L-HC,1
COM2-C2L-LC,COM2-C2L-LC,1
COM2-C2L-MC,COM2-C2L-MC,1
COM2-C2L-PC,COM2-C2L-PC,1
COM2-C2M-HC,COM2-C2M-HC,1
COM2-C2M-LC,COM2-C2M-LC,1
COM2-C2M-MC,COM2-C2M-MC,1
COM2-C2M-PC,COM2-C2M-PC,1
COM2-C3H-LC,COM2-C3H-LC,1
COM2-C3H-PC,COM2-C3H-PC,1
COM2-C3L-LC,COM2-C3L-LC,1
COM2-C3L-PC,COM2-C3L-PC,1
COM2-C3M-LC,COM2-C3M-LC,1
COM2-C3M-PC,COM2-C3M-PC,1
COM2-MH-HC,COM2-MH-HC,1
COM2-MH-LC,COM2-MH-LC,1
COM2-MH-MC,COM2-MH-MC,1
COM2-MH-PC,COM2-MH-PC,1
COM2-PC1-HC,COM2-PC1-HC,1
COM2-PC1-LC,COM2-PC1-LC,1
COM2-PC1-MC,COM2-PC1-MC,1
COM2-PC1-PC,COM2-PC1-PC,1
COM2-PC2L-HC,COM2-PC2L-HC,1
COM2-PC2L-LC,COM2-PC2L-LC,1
COM2-PC2L-MC,COM2-PC2L-MC,1
COM2-PC2L-PC,COM2-PC2L-PC,1
COM2-PC2M-HC,COM2-PC2M-HC,1
COM2-PC2M-LC,COM2-PC2M-LC,1
COM2-PC2M-MC,COM2-PC2M-MC,1
COM2-PC2M-PC,COM2-PC2M-PC,1
COM2-RM1L-HC,COM2-RM1L-HC,1
COM2-RM1L-LC,COM2-RM1L-LC,1
COM2-RM1L-MC,COM2-RM1L-MC,1
COM2-RM1L-PC,COM2-RM1L-PC,1
COM2-RM1M-HC,COM2-RM1M-HC,1
COM2-RM1M-LC,COM2-RM1M-LC,1
COM2-RM1M-MC,COM2-RM1M-MC,1
COM2-RM1M-PC,COM2-RM1M-PC,1
COM2-S1L-HC,COM2-S1L-HC,1
COM2-S1L-LC,COM2-S1L-LC,1
COM2-S1L-MC,COM2-S1L-MC,1
COM2-S1L-PC,COM2-S1L-PC,1
COM2-S2L-HC,COM2-S2L-HC,1
COM2-S2L-LC,COM2-S2L-LC,1
COM2-S2L-MC,COM2-S2L-MC,1
COM2-S2L-PC,COM2-S2L-PC,1
COM2-S3-HC,COM2-S3-HC,1
COM2-S3-LC,COM2-S3-LC,1
COM2-S3-MC,COM2-S3-MC,1
COM2-S3-PC,COM2-S3-PC,1
COM2-S4L-HC,COM2-S4L-HC,1
COM2-S4L-LC,COM2-S4L-LC,1
COM2-S4L-MC,COM2-S4L-MC,1
COM2-S4L-PC,COM2-S4L-PC,1
COM2-S4M-HC,COM2-S4M-HC,1
COM2-S4M-LC,COM2-S4M-LC,1
COM2-S4M-MC,COM2-S4M-MC,1
COM2-S4M-PC,COM2-S4M-PC,1
COM2-S5L-LC,COM2-S5L-LC,1
COM2-S5L-PC,COM2-S5L-PC,1
COM2-URML-LC,COM2-URML-LC,1
COM2-URML-PC,COM2-URML-PC,1
COM2-URMM-LC,COM2-URMM-LC,1
COM2-URMM-PC,COM2-URMM-PC,1
COM2-W3-HC,COM2-W2-HC,1
COM2-W3-LC,COM2-W2-LC,1
COM2-W3-MC,COM2-W2-MC,1
COM2-W3-PC,COM2-W2-PC,1
COM3-C1L-HC,COM3-C1L-HC,1
COM3-C1L-LC,COM3-C1L-LC,1
COM3-C1L-MC,COM3-C1L-MC,1
COM3-C1L-PC,COM3-C1L-PC,1
COM3-C2L-HC,COM3-C2L-HC,1
COM3-C2L-LC,COM3-C2L-LC,1
COM3-C2L-MC,COM3-C2L-MC,1
COM3-C2L-PC,COM3-C2L-PC,1
COM3-C3L-LC,COM3-C3L-LC,1
COM3-C3L-PC,COM3-C3L-PC,1
COM3-C3M-LC,COM3-C3M-LC,1
COM3-C3M-PC,COM3-C3M-PC,1
COM3-MH-HC,COM3-MH-HC,1
COM3-MH-LC,COM3-MH-LC,1
COM3-MH-MC,COM3-MH-MC,1
COM3-MH-PC,COM3-MH-PC,1
COM3-PC1-HC,COM3-PC1-HC,1
COM3-PC1-LC,COM3-PC1-LC,1
COM3-PC1-MC,COM3-PC1-MC,1
COM3-PC1-PC,COM3-PC1-PC,1
COM3-PC2L-HC,COM3-PC2L-HC,1
COM3-PC2L-LC,COM3-PC2L-LC,1
COM3-PC2L-MC,COM3-PC2L-MC,1
COM3-PC2L-PC,COM3-PC2L-PC,1
COM3-RM1L-HC,COM3-RM1L-HC,1
COM3-RM1L-LC,COM3-RM1L-LC,1
COM3-RM1L-MC,COM3-RM1L-MC,1
COM3-RM1L-PC,COM3-RM1L-PC,1
COM3-RM1M-HC,COM3-RM1M-HC,1
COM3-RM1M-LC,COM3-RM1M-LC,1
COM3-RM1M-MC,COM3-RM1M-MC,1
COM3-RM1M-PC,COM3-RM1M-PC,1
COM3-RM2L-HC,COM3-RM2L-HC,1
COM3-RM2L-LC,COM3-RM2L-LC,1
COM3-RM2L-MC,COM3-RM2L-MC,1
COM3-RM2L-PC,COM3-RM2L-PC,1
COM3-RM2M-HC,COM3-RM2M-HC,1
COM3-RM2M-LC,COM3-RM2M-LC,1
COM3-RM2M-MC,COM3-RM2M-MC,1
COM3-RM2M-PC,COM3-RM2M-PC,1
COM3-S1L-HC,COM3-S1L-HC,1
COM3-S1L-LC,COM3-S1L-LC,1
COM3-S1L-MC,COM3-S1L-MC,1
COM3-S1L-PC,COM3-S1L-PC,1
COM3-S1M-HC,COM3-S1M-HC,1
COM3-S1M-LC,COM3-S1M-LC,1
COM3-S1M-MC,COM3-S1M-MC,1
COM3-S1M-PC,COM3-S1M-PC,1
COM3-S2L-HC,COM3-S2L-HC,1
COM3-S2L-LC,COM3-S2L-LC,1
COM3-S2L-MC,COM3-S2L-MC,1
COM3-S2L-PC,COM3-S2L-PC,1
COM3-S3-HC,COM3-S3-HC,1
COM3-S3-LC,COM3-S3-LC,1
COM3-S3-MC,COM3-S3-MC,1
COM3-S3-PC,COM3-S3-PC,1
COM3-S4L-HC,COM3-S4L-HC,1
COM3-S4L-LC,COM3-S4L-LC,1
COM3-S4L-MC,COM3-S4L-MC,1
COM3-S4L-PC,COM3-S4L-PC,1
COM3-S5L-LC,COM3-S5L-LC,1
COM3-S5L-PC,COM3-S5L-PC,1
COM3-URML-LC,COM3-URML-LC,1
COM3-URML-PC,COM3-URML-PC,1
COM3-URMM-LC,COM3-URMM-LC,1
COM3-URMM-PC,COM3-URMM-PC,1
COM3-W3-HC,COM3-W2-HC,1
COM3-W3-LC,COM3-W2-LC,1
COM3-W3-MC,COM3-W2-MC,1
COM3-W3-PC,COM3-W2-PC,1
COM4-C1H-LC,COM4-C1H-LC,1
COM4-C1H-MC,COM4-C1H-MC,1
COM4-C1H-PC,COM4-C1H-PC,1
COM4-C1L-HC,COM4-C1L-HC,1
COM4-C1L-LC,COM4-C1L-LC,1
COM4-C1L-MC,COM4-C1L-MC,1
COM4-C1L-PC,COM4-C1L-PC,1
COM4-C1M-HC,COM4-C1M-HC,1
COM4-C1M-LC,COM4-C1M-LC,1
COM4-C1M-MC,COM4-C1M-MC,1
COM4-C1M-PC,COM4-C1M-PC,1
COM4-C2H-HC,COM4-C2H-HC,1
COM4-C2H-LC,COM4-C2H-LC,1
COM4-C2H-MC,COM4-C2H-MC,1
COM4-C2H-PC,COM4-C2H-PC,1
COM4-C2L-HC,COM4-C2L-HC,1
COM4-C2L-LC,COM4-C2L-LC,1
COM4-C2L-MC,COM4-C2L-MC,1
COM4-C2L-PC,COM4-C2L-PC,1
COM4-C2M-HC,COM4-C2M-HC,1
COM4-C2M-LC,COM4-C2M-LC,1
COM4-C2M-MC,COM4-C2M-MC,1
COM4-C2M-PC,COM4-C2M-PC,1
COM4-C3L-LC,COM4-C3L-LC,1
COM4-C3L-PC,COM4-C3L-PC,1
COM4-C3M-LC,COM4-C3M-LC,1
COM4-C3M-PC,COM4-C3M-PC,1
COM4-MH-HC,COM4-MH-HC,1
COM4-MH-LC,COM4-MH-LC,1
COM4-MH-MC,COM4-MH-MC,1
COM4-MH-PC,COM4-MH-PC,1
COM4-PC1-HC,COM4-PC1-HC,1
COM4-PC1-LC,COM4-PC1-LC,1
COM4-PC1-MC,COM4-PC1-MC,1
COM4-PC1-PC,COM4-PC1-PC,1
COM4-PC2H-HC,COM4-PC2H-HC,1
COM4-PC2H-LC,COM4-PC2H-LC,1
COM4-PC2H-MC,COM4-PC2H-MC,1
COM4-PC2H-PC,COM4-PC2H-PC,1
COM4-PC2L-HC,COM4-PC2L-HC,1
COM4-PC2L-LC,COM4-PC2L-LC,1
COM4-PC2L-MC,COM4-PC2L-MC,1
COM4-PC2L-PC,COM4-PC2L-PC,1
COM4-PC2M-HC,COM4-PC2M-HC,1
COM4-PC2M-LC,COM4-PC2M-LC,1
COM4-PC2M-MC,COM4-PC2M-MC,1
COM4-PC2M-PC,COM4-PC2M-PC,1
COM4-RM1L-HC,COM4-RM1L-HC,1
COM4-RM1L-LC,COM4-RM1L-LC,1
COM4-RM1L-MC,COM4-RM1L-MC,1
COM4-RM1L-PC,COM4-RM1L-PC,1
COM4-RM1M-HC,COM4-RM1M-HC,1
COM4-RM1M-LC,COM4-RM1M-LC,1
COM4-RM1M-MC,COM4-RM1M-MC,1
COM4-RM1M-PC,COM4-RM1M-PC,1
COM4-RM2L-HC,COM4-RM2L-HC,1
COM4-RM2L-LC,COM4-RM2L-LC,1
COM4-RM2L-MC,COM4-RM2L-MC,1
COM4-RM2L-PC,COM4-RM2L-PC,1
COM4-S1H-HC,COM4-S1H-HC,1
COM4-S1H-LC,COM4-S1H-LC,1
COM4-S1H-MC,COM4-S1H-MC,1
COM4-S1H-PC,COM4-S1H-PC,1
COM4-S1L-HC,COM4-S1L-HC,1
COM4-S1L-LC,COM4-S1L-LC,1
COM4-S1L-MC,COM4-S1L-MC,1
COM4-S1L-PC,COM4-S1L-PC,1
COM4-S1M-HC,COM4-S1M-HC,1
COM4-S1M-LC,COM4-S1M-LC,1
COM4-S1M-MC,COM4-S1M-MC,1
COM4-S1M-PC,COM4-S1M-PC,1
COM4-S2H-HC,COM4-S2H-HC,1
COM4-S2H-LC,COM4-S2H-LC,1
COM4-S2H-MC,COM4-S2H-MC,1
COM4-S2H-PC,COM4-S2H-PC,1
COM4-S2L-HC,COM4-S2L-HC,1
COM4-S2L-LC,COM4-S2L-LC,1
COM4-S2L-MC,COM4-S2L-MC,1
COM4-S2L-PC,COM4-S2L-PC,1
COM4-S2M-HC,COM4-S2M-HC,1
COM4-S2M-LC,COM4-S2M-LC,1
COM4-S2M-MC,COM4-S2M-MC,1
COM4-S2M-PC,COM4-S2M-PC,1
COM4-S3-HC,COM4-S3-HC,1
COM4-S3-LC,COM4-S3-LC,1
COM4-S3-MC,COM4-S3-MC,1
COM4-S3-PC,COM4-S3-PC,1
COM4-S4H-HC,COM4-S4H-HC,1
COM4-S4H-PC,COM4-S4H-PC,1
COM4-S4L-HC,COM4-S4L-HC,1
COM4-S4L-LC,COM4-S4L-LC,1
COM4-S4L-MC,COM4-S4L-MC,1
COM4-S4L-PC,COM4-S4L-PC,1
COM4-S4M-HC,COM4-S4M-HC,1
COM4-S4M-LC,COM4-S4M-LC,1
COM4-S4M-MC,COM4-S4M-MC,1
COM4-S4M-PC,COM4-S4M-PC,1
COM4-S5L-LC,COM4-S5L-LC,1
COM4-S5L-PC,COM4-S5L-PC,1
COM4-S5M-LC,COM4-S5M-LC,1
COM4-S5M-PC,COM4-S5M-PC,1
COM4-URML-LC,COM4-URML-LC,1
COM4-URML-PC,COM4-URML-PC,1
COM4-URMM-LC,COM4-URMM-LC,1
COM4-URMM-PC,COM4-URMM-PC,1
COM4-W3-HC,COM4-W2-HC,1
COM4-W3-LC,COM4-W2-LC,1
COM4-W3-MC,COM4-W2-MC,1
COM4-W3-PC,COM4-W2-PC,1
COM5-C1L-HC,COM5-C1L-HC,1
COM5-C1L-LC,COM5-C1L-LC,1
COM5-C1L-MC,COM5-C1L-MC,1
COM5-C1L-PC,COM5-C1L-PC,1
COM5-C2L-HC,COM5-C2L-HC,1
COM5-C2L-LC,COM5-C2L-LC,1
COM5-C2L-MC,COM5-C2L-MC,1
COM5-C2L-PC,COM5-C2L-PC,1
COM5-C2M-HC,COM5-C2M-HC,1
COM5-C2M-LC,COM5-C2M-LC,1
COM5-C2M-MC,COM5-C2M-MC,1
COM5-C2M-PC,COM5-C2M-PC,1
COM5-C3L-LC,COM5-C3L-LC,1
COM5-C3L-PC,COM5-C3L-PC,1
COM5-MH-HC,COM5-MH-HC,1
COM5-MH-LC,COM5-MH-LC,1
COM5-MH-MC,COM5-MH-MC,1
COM5-MH-PC,COM5-MH-PC,1
COM5-PC1-LC,COM5-PC1-LC,1
COM5-PC1-MC,COM5-PC1-MC,1
COM5-PC1-PC,COM5-PC1-PC,1
COM5-PC2L-HC,COM5-PC2L-HC,1
COM5-PC2L-LC,COM5-PC2L-LC,1
COM5-PC2L-MC,COM5-PC2L-MC,1
COM5-PC2L-PC,COM5-PC2L-PC,1
COM5-RM1L-HC,COM5-RM1L-HC,1
COM5-RM1L-LC,COM5-RM1L-LC,1
COM5-RM1L-MC,COM5-RM1L-MC,1
COM5-RM1L-PC,COM5-RM1L-PC,1
COM5-RM2L-LC,COM5-RM2L-LC,1
COM5-RM2L-MC,COM5-RM2L-MC,1
COM5-RM2L-PC,COM5-RM2L-PC,1
COM5-S1L-HC,COM5-S1L-HC,1
COM5-S1L-LC,COM5-S1L-LC,1
COM5-S1L-MC,COM5-S1L-MC,1
COM5-S1L-PC,COM5-S1L-PC,1
COM5-S2L-HC,COM5-S2L-HC,1
COM5-S2L-LC,COM5-S2L-LC,1
COM5-S2L-MC,COM5-S2L-MC,1
COM5-S2L-PC,COM5-S2L-PC,1
COM5-S2M-HC,COM5-S2M-HC,1
COM5-S2M-LC,COM5-S2M-LC,1
COM5-S2M-MC,COM5-S2M-MC,1
COM5-S2M-PC,COM5-S2M-PC,1
COM5-S3-HC,COM5-S3-HC,1
COM5-S3-LC,COM5-S3-LC,1
COM5-S3-MC,COM5-S3-MC,1
COM5-S3-PC,COM5-S3-PC,1
COM5-S4L-HC,COM5-S4L-HC,1
COM5-S4L-LC,COM5-S4L-LC,1
COM5-S4L-MC,COM5-S4L-MC,1
COM5-S4L-PC,COM5-S4L-PC,1
COM5-S4M-HC,COM5-S4M-HC,1
COM5-S4M-LC,COM5-S4M-LC,1
COM5-S4M-MC,COM5-S4M-MC,1
COM5-S4M-PC,COM5-S4M-PC,1
COM5-S5L-LC,COM5-S5L-LC,1
COM5-S5L-PC,COM5-S5L-PC,1
COM5-S5M-LC,COM5-S5M-LC,1
COM5-S5M-PC,COM5-S5M-PC,1
COM5-URML-LC,COM5-URML-LC,1
COM5-URML-PC,COM5-URML-PC,1
COM5-URMM-LC,COM5-URMM-LC,1
COM5-URMM-PC,COM5-URMM-PC,1
COM5-W3-HC,COM5-W2-HC,1
COM5-W3-LC,COM5-W2-LC,1
COM5-W3-MC,COM5-W2-MC,1
COM5-W3-PC,COM5-W2-PC,1
COM6-C1H-HC,COM6-C1H-HC,1
COM6-C1H-LC,COM6-C1H-LC,1
COM6-C1H-MC,COM6-C1H-MC,1
COM6-C1H-PC,COM6-C1H-PC,1
COM6-C2H-HC,COM6-C2H-HC,1
COM6-C2H-LC,COM6-C2H-LC,1
COM6-C2H-MC,COM6-C2H-MC,1
COM6-C2H-PC,COM6-C2H-PC,1
COM6-C2L-HC,COM6-C2L-HC,1
COM6-C2L-LC,COM6-C2L-LC,1
COM6-C2L-MC,COM6-C2L-MC,1
COM6-C2L-PC,COM6-C2L-PC,1
COM6-C2M-HC,COM6-C2M-HC,1
COM6-C2M-LC,COM6-C2M-LC,1
COM6-C2M-MC,COM6-C2M-MC,1
COM6-C2M-PC,COM6-C2M-PC,1
COM6-C3M-LC,COM6-C3M-LC,1
COM6-C3M-PC,COM6-C3M-PC,1
COM6-MH-HC,COM6-MH-HC,1
COM6-MH-LC,COM6-MH-LC,1
COM6-MH-MC,COM6-MH-MC,1
COM6-MH-PC,COM6-MH-PC,1
COM6-S4H-HC,COM6-S4H-HC,1
COM6-S4H-LC,COM6-S4H-LC,1
COM6-S4H-PC,COM6-S4H-PC,1
COM6-S4L-HC,COM6-S4L-HC,1
COM6-S4L-LC,COM6-S4L-LC,1
COM6-S4L-MC,COM6-S4L-MC,1
COM6-S4L-PC,COM6-S4L-PC,1
COM6-S4M-HC,COM6-S4M-HC,1
COM6-S4M-LC,COM6-S4M-LC,1
COM6-S4M-MC,COM6-S4M-MC,1
COM6-S4M-PC,COM6-S4M-PC,1
COM6-S5L-LC,COM6-S5L-LC,1
COM6-S5L-PC,COM6-S5L-PC,1
COM6-URMM-LC,COM6-URMM-LC,1
COM6-URMM-PC,COM6-URMM-PC,1
COM6-W3-HC,COM6-W2-HC,1
COM6-W3-LC,COM6-W2-LC,1
COM6-W3-MC,COM6-W2-MC,1
COM6-W3-PC,COM6-W2-PC,1
COM7-C1H-HC,COM7-C1H-HC,1
COM7-C1H-LC,COM7-C1H-LC,1
COM7-C1H-MC,COM7-C1H-MC,1
COM7-C1H-PC,COM7-C1H-PC,1
COM7-C1L-HC,COM7-C1L-HC,1
COM7-C1L-LC,COM7-C1L-LC,1
COM7-C1L-MC,COM7-C1L-MC,1
COM7-C1L-PC,COM7-C1L-PC,1
COM7-C2H-HC,COM7-C2H-HC,1
COM7-C2H-LC,COM7-C2H-LC,1
COM7-C2H-MC,COM7-C2H-MC,1
COM7-C2H-PC,COM7-C2H-PC,1
COM7-C2L-HC,COM7-C2L-HC,1
COM7-C2L-LC,COM7-C2L-LC,1
COM7-C2L-MC,COM7-C2L-MC,1
COM7-C2L-PC,COM7-C2L-PC,1
COM7-C2M-HC,COM7-C2M-HC,1
COM7-C2M-LC,COM7-C2M-LC,1
COM7-C2M-MC,COM7-C2M-MC,1
COM7-C2M-PC,COM7-C2M-PC,1
COM7-C3L-LC,COM7-C3L-LC,1
COM7-C3L-PC,COM7-C3L-PC,1
COM7-MH-PC,COM7-MH-PC,1
COM7-PC1-HC,COM7-PC1-HC,1
COM7-PC1-LC,COM7-PC1-LC,1
COM7-PC1-MC,COM7-PC1-MC,1
COM7-PC1-PC,COM7-PC1-PC,1
COM7-PC2L-HC,COM7-PC2L-HC,1
COM7-PC2L-LC,COM7-PC2L-LC,1
COM7-PC2L-MC,COM7-PC2L-MC,1
COM7-PC2L-PC,COM7-PC2L-PC,1
COM7-PC2M-HC,COM7-PC2M-HC,1
COM7-PC2M-LC,COM7-PC2M-LC,1
COM7-PC2M-MC,COM7-PC2M-MC,1
COM7-PC2M-PC,COM7-PC2M-PC,1
COM7-RM1L-HC,COM7-RM1L-HC,1
COM7-RM1L-LC,COM7-RM1L-LC,1
COM7-RM1L-MC,COM7-RM1L-MC,1
COM7-RM1L-PC,COM7-RM1L-PC,1
COM7-RM2L-HC,COM7-RM2L-HC,1
COM7-RM2L-LC,COM7-RM2L-LC,1
COM7-RM2L-MC,COM7-RM2L-MC,1
COM7-RM2L-PC,COM7-RM2L-PC,1
COM7-S1L-HC,COM7-S1L-HC,1
COM7-S1L-LC,COM7-S1L-LC,1
COM7-S1L-MC,COM7-S1L-MC,1
COM7-S1L-PC,COM7-S1L-PC,1
COM7-S1M-HC,COM7-S1M-HC,1
COM7-S1M-LC,COM7-S1M-LC,1
COM7-S1M-MC,COM7-S1M-MC,1
COM7-S1M-PC,COM7-S1M-PC,1
COM7-S2L-HC,COM7-S2L-HC,1
COM7-S2L-LC,COM7-S2L-LC,1
COM7-S2L-MC,COM7-S2L-MC,1
COM7-S2L-PC,COM7-S2L-PC,1
COM7-S3-HC,COM7-S3-HC,1
COM7-S3-LC,COM7-S3-LC,1
COM7-S3-MC,COM7-S3-MC,1
COM7-S3-PC,COM7-S3-PC,1
COM7-S4L-HC,COM7-S4L-HC,1
COM7-S4L-LC,COM7-S4L-LC,1
COM7-S4L-MC,COM7-S4L-MC,1
COM7-S4L-PC,COM7-S4L-PC,1
COM7-S4M-HC,COM7-S4M-HC,1
COM7-S4M-LC,COM7-S4M-LC,1
COM7-S4M-MC,COM7-S4M-MC,1
COM7-S4M-PC,COM7-S4M-PC,1
COM7-S5H-LC,COM7-S5H-LC,1
COM7-S5H-PC,COM7-S5H-PC,1
COM7-S5L-LC,COM7-S5L-LC,1
COM7-S5L-PC,COM7-S5L-PC,1
COM7-S5M-LC,COM7-S5M-LC,1
COM7-S5M-PC,COM7-S5M-PC,1
COM7-URML-LC,COM7-URML-LC,1
COM7-URML-PC,COM7-URML-PC,1
COM7-URMM-LC,COM7-URMM-LC,1
COM7-URMM-PC,COM7-URMM-PC,1
COM7-W3-HC,COM7-W2-HC,1
COM7-W3-LC,COM7-W2-LC,1
COM7-W3-MC,COM7-W2-MC,1
COM7-W3-PC,COM7-W2-PC,1
EDU1-C1L-HC,EDU1-C1L-HC,1
EDU1-C1L-LC,EDU1-C1L-LC,1
EDU1-C1L-MC,EDU1-C1L-MC,1
EDU1-C1L-PC,EDU1-C1L-PC,1
EDU1-C1M-HC,EDU1-C1M-HC,1
EDU1-C1M-LC,EDU1-C1M-LC,1
EDU1-C1M-MC,EDU1-C1M-MC,1
EDU1-C1M-PC,EDU1-C1M-PC,1
EDU1-C2L-HC,EDU1-C2L-HC,1
EDU1-C2L-LC,EDU1-C2L-LC,1
EDU1-C2L-MC,EDU1-C2L-MC,1
EDU1-C2L-PC,EDU1-C2L-PC,1
EDU1-C2M-HC,EDU1-C2M-HC,1
EDU1-C2M-LC,EDU1-C2M-LC,1
EDU1-C2M-MC,EDU1-C2M-MC,1
EDU1-C2M-PC,EDU1-C2M-PC,1
EDU1-C3L-LC,EDU1-C3L-LC,1
EDU1-C3L-PC,EDU1-C3L-PC,1
EDU1-C3M-LC,EDU1-C3M-LC,1
EDU1-C3M-PC,EDU1-C3M-PC,1
EDU1-MH-HC,EDU1-MH-HC,1
EDU1-MH-LC,EDU1-MH-LC,1
EDU1-MH-MC,EDU1-MH-MC,1
EDU1-MH-PC,EDU1-MH-PC,1
EDU1-PC1-HC,EDU1-PC1-HC,1
EDU1-PC1-LC,EDU1-PC1-LC,1
EDU1-PC1-MC,EDU1-PC1-MC,1
EDU1-PC1-PC,EDU1-PC1-PC,1
EDU1-PC2L-HC,EDU1-PC2L-HC,1
EDU1-PC2L-LC,EDU1-PC2L-LC,1
EDU1-PC2L-MC,EDU1-PC2L-MC,1
EDU1-PC2L-PC,EDU1-PC2L-PC,1
EDU1-RM1L-HC,EDU1-RM1L-HC,1
EDU1-RM1L-LC,EDU1-RM1L-LC,1
EDU1-RM1L-MC,EDU1-RM1L-MC,1
EDU1-RM1L-PC,EDU1-RM1L-PC,1
EDU1-S4L-HC,EDU1-S4L-HC,1
EDU1-S4L-LC,EDU1-S4L-LC,1
EDU1-S4L-MC,EDU1-S4L-MC,1
EDU1-S4L-PC,EDU1-S4L-PC,1
EDU1-S4M-HC,EDU1-S4M-HC,1
EDU1-S4M-LC,EDU1-S4M-LC,1
EDU1-S4M-MC,EDU1-S4M-MC,1
EDU1-S4M-PC,EDU1-S4M-PC,1
EDU1-S5L-LC,EDU1-S5L-LC,1
EDU1-S5L-PC,EDU1-S5L-PC,1
EDU1-URML-LC,EDU1-URML-LC,1
EDU1-URML-PC,EDU1-URML-PC,1
EDU1-W1-HC,EDU1-W1-HC,1
EDU1-W1-LC,EDU1-W1-LC,1
EDU1-W1-MC,EDU1-W1-MC,1
EDU1-W1-PC,EDU1-W1-PC,1
EDU1-W2-HC,EDU1-W1-HC,1
EDU1-W2-LC,EDU1-W1-LC,1
EDU1-W2-MC,EDU1-W1-MC,1
EDU1-W2-PC,EDU1-W1-PC,1
EDU2-C1L-LC,EDU2-C1L-LC,1
EDU2-C1L-MC,EDU2-C1L-MC,1
EDU2-C1L-PC,EDU2-C1L-PC,1
EDU2-C1M-PC,EDU2-C1M-PC,1
EDU2-C2H-HC,EDU2-C2H-HC,1
EDU2-C2H-LC,EDU2-C2H-LC,1
EDU2-C2H-MC,EDU2-C2H-MC,1
EDU2-C2H-PC,EDU2-C2H-PC,1
EDU2-C2L-HC,EDU2-C2L-HC,1
EDU2-C2L-LC,EDU2-C2L-LC,1
EDU2-C2L-MC,EDU2-C2L-MC,1
EDU2-C2L-PC,EDU2-C2L-PC,1
EDU2-C2M-HC,EDU2-C2M-HC,1
EDU2-C2M-LC,EDU2-C2M-LC,1
EDU2-C2M-MC,EDU2-C2M-MC,1
EDU2-C2M-PC,EDU2-C2M-PC,1
EDU2-C3L-LC,EDU2-C3L-LC,1
EDU2-C3L-PC,EDU2-C3L-PC,1
EDU2-C3M-PC,EDU2-C3M-PC,1
EDU2-MH-HC,EDU2-MH-HC,1
EDU2-MH-LC,EDU2-MH-LC,1
EDU2-MH-MC,EDU2-MH-MC,1
EDU2-MH-PC,EDU2-MH-PC,1
EDU2-PC1-HC,EDU2-PC1-HC,1
EDU2-PC1-LC,EDU2-PC1-LC,1
EDU2-PC1-PC,EDU2-PC1-PC,1
EDU2-PC2L-HC,EDU2-PC2L-HC,1
EDU2-PC2L-PC,EDU2-PC2L-PC,1
EDU2-PC2M-HC,EDU2-PC2M-HC,1
EDU2-PC2M-LC,EDU2-PC2M-LC,1
EDU2-PC2M-MC,EDU2-PC2M-MC,1
EDU2-PC2M-PC,EDU2-PC2M-PC,1
EDU2-RM1L-HC,EDU2-RM1L-HC,1
EDU2-RM1L-LC,EDU2-RM1L-LC,1
EDU2-RM1L-MC,EDU2-RM1L-MC,1
EDU2-RM1L-PC,EDU2-RM1L-PC,1
EDU2-RM2L-HC,EDU2-RM2L-HC,1
EDU2-RM2L-MC,EDU2-RM2L-MC,1
EDU2-S1L-HC,EDU2-S1L-HC,1
EDU2-S1L-LC,EDU2-S1L-LC,1
EDU2-S1L-MC,EDU2-S1L-MC,1
EDU2-S1L-PC,EDU2-S1L-PC,1
EDU2-S3-HC,EDU2-S3-HC,1
EDU2-S3-PC,EDU2-S3-PC,1
EDU2-S4H-HC,EDU2-S4H-HC,1
EDU2-S4H-MC,EDU2-S4H-MC,1
EDU2-S4H-PC,EDU2-S4H-PC,1
EDU2-S4L-HC,EDU2-S4L-HC,1
EDU2-S4L-LC,EDU2-S4L-LC,1
EDU2-S4L-MC,EDU2-S4L-MC,1
EDU2-S4L-PC,EDU2-S4L-PC,1
EDU2-S4M-HC,EDU2-S4M-HC,1
EDU2-S4M-LC,EDU2-S4M-LC,1
EDU2-S4M-MC,EDU2-S4M-MC,1
EDU2-S4M-PC,EDU2-S4M-PC,1
EDU2-S5L-LC,EDU2-S5L-LC,1
EDU2-S5L-PC,EDU2-S5L-PC,1
EDU2-URML-LC,EDU2-URML-LC,1
EDU2-URML-PC,EDU2-URML-PC,1
EDU2-URMM-LC,EDU2-URMM-LC,1
EDU2-URMM-PC,EDU2-URMM-PC,1
EDU2-W1-LC,EDU2-W1-LC,1
EDU2-W1-MC,EDU2-W1-MC,1
EDU2-W3-HC,EDU2-W2-HC,1
EDU2-W3-LC,EDU2-W2-LC,1
EDU2-W3-MC,EDU2-W2-MC,1
EDU2-W3-PC,EDU2-W2-PC,1
GOV1-C1L-HC,GOV1-C1L-HC,1
GOV1-C1L-LC,GOV1-C1L-LC,1
GOV1-C1L-MC,GOV1-C1L-MC,1
GOV1-C1L-PC,GOV1-C1L-PC,1
GOV1-C2H-HC,GOV1-C2H-HC,1
GOV1-C2H-LC,GOV1-C2H-LC,1
GOV1-C2H-MC,GOV1-C2H-MC,1
GOV1-C2H-PC,GOV1-C2H-PC,1
GOV1-C2L-HC,GOV1-C2L-HC,1
GOV1-C2L-LC,GOV1-C2L-LC,1
GOV1-C2L-MC,GOV1-C2L-MC,1
GOV1-C2L-PC,GOV1-C2L-PC,1
GOV1-C2M-HC,GOV1-C2M-HC,1
GOV1-C2M-LC,GOV1-C2M-LC,1
GOV1-C2M-MC,GOV1-C2M-MC,1
GOV1-C2M-PC,GOV1-C2M-PC,1
GOV1-C3L-LC,GOV1-C3L-LC,1
GOV1-C3L-PC,GOV1-C3L-PC,1
GOV1-C3M-LC,GOV1-C3M-LC,1
GOV1-C3M-PC,GOV1-C3M-PC,1
GOV1-MH-HC,GOV1-MH-HC,1
GOV1-MH-LC,GOV1-MH-LC,1
GOV1-MH-MC,GOV1-MH-MC,1
GOV1-MH-PC,GOV1-MH-PC,1
GOV1-PC1-HC,GOV1-PC1-HC,1
GOV1-PC1-LC,GOV1-PC1-LC,1
GOV1-PC1-MC,GOV1-PC1-MC,1
GOV1-PC1-PC,GOV1-PC1-PC,1
GOV1-PC2M-HC,GOV1-PC2M-HC,1
GOV1-PC2M-LC,GOV1-PC2M-LC,1
GOV1-PC2M-MC,GOV1-PC2M-MC,1
GOV1-PC2M-PC,GOV1-PC2M-PC,1
GOV1-RM1L-HC,GOV1-RM1L-HC,1
GOV1-RM1L-LC,GOV1-RM1L-LC,1
GOV1-RM1L-MC,GOV1-RM1L-MC,1
GOV1-RM1L-PC,GOV1-RM1L-PC,1
GOV1-RM1M-HC,GOV1-RM1M-HC,1
GOV1-RM1M-LC,GOV1-RM1M-LC,1
GOV1-RM1M-MC,GOV1-RM1M-MC,1
GOV1-RM1M-PC,GOV1-RM1M-PC,1
GOV1-RM2L-HC,GOV1-RM2L-HC,1
GOV1-RM2L-LC,GOV1-RM2L-LC,1
GOV1-RM2L-MC,GOV1-RM2L-MC,1
GOV1-RM2L-PC,GOV1-RM2L-PC,1
GOV1-RM2M-HC,GOV1-RM2M-HC,1
GOV1-RM2M-LC,GOV1-RM2M-LC,1
GOV1-RM2M-MC,GOV1-RM2M-MC,1
GOV1-RM2M-PC,GOV1-RM2M-PC,1
GOV1-S1L-HC,GOV1-S1L-HC,1
GOV1-S1L-LC,GOV1-S1L-LC,1
GOV1-S1L-MC,GOV1-S1L-MC,1
GOV1-S1L-PC,GOV1-S1L-PC,1
GOV1-S2L-HC,GOV1-S2L-HC,1
GOV1-S2L-LC,GOV1-S2L-LC,1
GOV1-S2L-MC,GOV1-S2L-MC,1
GOV1-S2L-PC,GOV1-S2L-PC,1
GOV1-S3-HC,GOV1-S3-HC,1
GOV1-S3-LC,GOV1-S3-LC,1
GOV1-S3-MC,GOV1-S3-MC,1
GOV1-S3-PC,GOV1-S3-PC,1
GOV1-S4L-HC,GOV1-S4L-HC,1
GOV1-S4L-LC,GOV1-S4L-LC,1
GOV1-S4L-MC,GOV1-S4L-MC,1
GOV1-S4L-PC,GOV1-S4L-PC,1
GOV1-S4M-HC,GOV1-S4M-HC,1
GOV1-S4M-LC,GOV1-S4M-LC,1
GOV1-S4M-MC,GOV1-S4M-MC,1
GOV1-S4M-PC,GOV1-S4M-PC,1
GOV1-S5L-LC,GOV1-S5L-LC,1
GOV1-S5L-PC,GOV1-S5L-PC,1
GOV1-S5M-LC,GOV1-S5M-LC,1
GOV1-S5M-PC,GOV1-S5M-PC,1
GOV1-URML-LC,GOV1-URML-LC,1
GOV1-URML-PC,GOV1-URML-PC,1
GOV1-URMM-LC,GOV1-URMM-LC,1
GOV1-URMM-PC,GOV1-URMM-PC,1
GOV1-W1-HC,GOV1-W1-HC,1
GOV1-W1-LC,GOV1-W1-LC,1
GOV1-W1-MC,GOV1-W1-MC,1
GOV1-W1-PC,GOV1-W1-PC,1
GOV1-W2-HC,GOV1-W1-HC,1
GOV1-W2-LC,GOV1-W1-LC,1
GOV1-W2-MC,GOV1-W1-MC,1
GOV1-W2-PC,GOV1-W1-PC,1
GOV2-C1L-MC,GOV2-C1L-MC,1
GOV2-C1L-PC,GOV2-C1L-PC,1
GOV2-C2L-HC,GOV2-C2L-HC,1
GOV2-C2L-LC,GOV2-C2L-LC,1
GOV2-C2L-MC,GOV2-C2L-MC,1
GOV2-C2L-PC,GOV2-C2L-PC,1
GOV2-C3L-LC,GOV2-C3L-LC,1
GOV2-C3L-PC,GOV2-C3L-PC,1
GOV2-PC1-HC,GOV2-PC1-HC,1
GOV2-PC1-LC,GOV2-PC1-LC,1
GOV2-PC1-MC,GOV2-PC1-MC,1
GOV2-PC1-PC,GOV2-PC1-PC,1
GOV2-PC2L-HC,GOV2-PC2L-HC,1
GOV2-PC2L-LC,GOV2-PC2L-LC,1
GOV2-PC2L-MC,GOV2-PC2L-MC,1
GOV2-PC2L-PC,GOV2-PC2L-PC,1
GOV2-RM1L-HC,GOV2-RM1L-HC,1
GOV2-RM1L-LC,GOV2-RM1L-LC,1
GOV2-RM1L-MC,GOV2-RM1L-MC,1
GOV2-RM1L-PC,GOV2-RM1L-PC,1
GOV2-RM1M-HC,GOV2-RM1M-HC,1
GOV2-RM1M-LC,GOV2-RM1M-LC,1
GOV2-RM1M-PC,GOV2-RM1M-PC,1
GOV2-S1L-HC,GOV2-S1L-HC,1
GOV2-S1L-MC,GOV2-S1L-MC,1
GOV2-S1L-PC,GOV2-S1L-PC,1
GOV2-S4L-HC,GOV2-S4L-HC,1
GOV2-S4L-LC,GOV2-S4L-LC,1
GOV2-S4L-MC,GOV2-S4L-MC,1
GOV2-S4L-PC,GOV2-S4L-PC,1
GOV2-S5H-LC,GOV2-S5H-LC,1
GOV2-S5H-PC,GOV2-S5H-PC,1
GOV2-S5M-LC,GOV2-S5M-LC,1
GOV2-S5M-PC,GOV2-S5M-PC,1
GOV2-URML-LC,GOV2-URML-LC,1
GOV2-URML-PC,GOV2-URML-PC,1
GOV2-W2-HC,GOV2-W1-HC,1
GOV2-W2-LC,GOV2-W1-LC,1
GOV2-W2-MC,GOV2-W1-MC,1
GOV2-W2-PC,GOV2-W1-PC,1
IND1-C2L-HC,IND1-C2L-HC,1
IND1-C2L-LC,IND1-C2L-LC,1
IND1-C2L-MC,IND1-C2L-MC,1
IND1-C2L-PC,IND1-C2L-PC,1
IND1-C2M-LC,IND1-C2M-LC,1
IND1-C2M-MC,IND1-C2M-MC,1
IND1-C2M-PC,IND1-C2M-PC,1
IND1-C3L-LC,IND1-C3L-LC,1
IND1-C3L-PC,IND1-C3L-PC,1
IND1-C3M-LC,IND1-C3M-LC,1
IND1-C3M-PC,IND1-C3M-PC,1
IND1-MH-HC,IND1-MH-HC,1
IND1-MH-LC,IND1-MH-LC,1
IND1-MH-MC,IND1-MH-MC,1
IND1-MH-PC,IND1-MH-PC,1
IND1-PC2L-HC,IND1-PC2L-HC,1
IND1-PC2L-LC,IND1-PC2L-LC,1
IND1-PC2L-MC,IND1-PC2L-MC,1
IND1-PC2L-PC,IND1-PC2L-PC,1
IND1-RM1L-HC,IND1-RM1L-HC,1
IND1-RM1L-LC,IND1-RM1L-LC,1
IND1-RM1L-MC,IND1-RM1L-MC,1
IND1-RM1L-PC,IND1-RM1L-PC,1
IND1-RM1M-HC,IND1-RM1M-HC,1
IND1-RM1M-LC,IND1-RM1M-LC,1
IND1-RM1M-MC,IND1-RM1M-MC,1
IND1-RM1M-PC,IND1-RM1M-PC,1
IND1-RM2L-HC,IND1-RM2L-HC,1
IND1-RM2L-LC,IND1-RM2L-LC,1
IND1-RM2L-MC,IND1-RM2L-MC,1
IND1-RM2L-PC,IND1-RM2L-PC,1
IND1-S1L-HC,IND1-S1L-HC,1
IND1-S1L-LC,IND1-S1L-LC,1
IND1-S1L-MC,IND1-S1L-MC,1
IND1-S1L-PC,IND1-S1L-PC,1
IND1-S2L-HC,IND1-S2L-HC,1
IND1-S2L-LC,IND1-S2L-LC,1
IND1-S2L-MC,IND1-S2L-MC,1
IND1-S2L-PC,IND1-S2L-PC,1
IND1-S2M-HC,IND1-S2M-HC,1
IND1-S2M-LC,IND1-S2M-LC,1
IND1-S2M-MC,IND1-S2M-MC,1
IND1-S2M-PC,IND1-S2M-PC,1
IND1-S3-HC,IND1-S3-HC,1
IND1-S3-LC,IND1-S3-LC,1
IND1-S3-MC,IND1-S3-MC,1
IND1-S3-PC,IND1-S3-PC,1
IND1-S4L-HC,IND1-S4L-HC,1
IND1-S4L-LC,IND1-S4L-LC,1
IND1-S4L-MC,IND1-S4L-MC,1
IND1-S4L-PC,IND1-S4L-PC,1
IND1-S5L-LC,IND1-S5L-LC,1
IND1-S5L-PC,IND1-S5L-PC,1
IND1-S5M-LC,IND1-S5M-LC,1
IND1-S5M-PC,IND1-S5M-PC,1
IND1-URML-LC,IND1-URML-LC,1
IND1-URML-PC,IND1-URML-PC,1
IND1-W3-HC,IND1-W2-HC,1
IND1-W3-LC,IND1-W2-LC,1
IND1-W3-MC,IND1-W2-MC,1
IND1-W3-PC,IND1-W2-PC,1
IND2-C1L-HC,IND2-C1L-HC,1
IND2-C1L-LC,IND2-C1L-LC,1
IND2-C1L-MC,IND2-C1L-MC,1
IND2-C1L-PC,IND2-C1L-PC,1
IND2-C1M-HC,IND2-C1M-HC,1
IND2-C1M-LC,IND2-C1M-LC,1
IND2-C1M-MC,IND2-C1M-MC,1
IND2-C1M-PC,IND2-C1M-PC,1
IND2-C2L-HC,IND2-C2L-HC,1
IND2-C2L-LC,IND2-C2L-LC,1
IND2-C2L-MC,IND2-C2L-MC,1
IND2-C2L-PC,IND2-C2L-PC,1
IND2-C2M-HC,IND2-C2M-HC,1
IND2-C2M-LC,IND2-C2M-LC,1
IND2-C2M-MC,IND2-C2M-MC,1
IND2-C2M-PC,IND2-C2M-PC,1
IND2-C3L-LC,IND2-C3L-LC,1
IND2-C3L-PC,IND2-C3L-PC,1
IND2-C3M-LC,IND2-C3M-LC,1
IND2-C3M-PC,IND2-C3M-PC,1
IND2-MH-HC,IND2-MH-HC,1
IND2-MH-PC,IND2-MH-PC,1
IND2-PC1-HC,IND2-PC1-HC,1
IND2-PC1-LC,IND2-PC1-LC,1
IND2-PC1-MC,IND2-PC1-MC,1
IND2-PC1-PC,IND2-PC1-PC,1
IND2-PC2L-HC,IND2-PC2L-HC,1
IND2-PC2L-LC,IND2-PC2L-LC,1
IND2-PC2L-MC,IND2-PC2L-MC,1
IND2-PC2L-PC,IND2-PC2L-PC,1
IND2-PC2M-HC,IND2-PC2M-HC,1
IND2-PC2M-LC,IND2-PC2M-LC,1
IND2-PC2M-MC,IND2-PC2M-MC,1
IND2-PC2M-PC,IND2-PC2M-PC,1
IND2-RM1L-HC,IND2-RM1L-HC,1
IND2-RM1L-LC,IND2-RM1L-LC,1
IND2-RM1L-MC,IND2-RM1L-MC,1
IND2-RM1L-PC,IND2-RM1L-PC,1
IND2-RM1M-HC,IND2-RM1M-HC,1
IND2-RM1M-LC,IND2-RM1M-LC,1
IND2-RM1M-MC,IND2-RM1M-MC,1
IND2-RM1M-PC,IND2-RM1M-PC,1
IND2-RM2L-HC,IND2-RM2L-HC,1
IND2-RM2L-LC,IND2-RM2L-LC,1
IND2-RM2L-MC,IND2-RM2L-MC,1
IND2-RM2L-PC,IND2-RM2L-PC,1
IND2-RM2M-HC,IND2-RM2M-HC,1
IND2-RM2M-LC,IND2-RM2M-LC,1
IND2-RM2M-PC,IND2-RM2M-PC,1
IND2-S1L-HC,IND2-S1L-HC,1
IND2-S1L-LC,IND2-S1L-LC,1
IND2-S1L-MC,IND2-S1L-MC,1
IND2-S1L-PC,IND2-S1L-PC,1
IND2-S1M-HC,IND2-S1M-HC,1
IND2-S1M-LC,IND2-S1M-LC,1
IND2-S1M-MC,IND2-S1M-MC,1
IND2-S1M-PC,IND2-S1M-PC,1
IND2-S2L-HC,IND2-S2L-HC,1
IND2-S2L-LC,IND2-S2L-LC,1
IND2-S2L-MC,IND2-S2L-MC,1
IND2-S2L-PC,IND2-S2L-PC,1
IND2-S2M-HC,IND2-S2M-HC,1
IND2-S2M-LC,IND2-S2M-LC,1
IND2-S2M-MC,IND2-S2M-MC,1
IND2-S2M-PC,IND2-S2M-PC,1
IND2-S3-HC,IND2-S3-HC,1
IND2-S3-LC,IND2-S3-LC,1
IND2-S3-MC,IND2-S3-MC,1
IND2-S3-PC,IND2-S3-PC,1
IND2-S4L-HC,IND2-S4L-HC,1
IND2-S4L-LC,IND2-S4L-LC,1
IND2-S4L-MC,IND2-S4L-MC,1
IND2-S4L-PC,IND2-S4L-PC,1
IND2-S4M-HC,IND2-S4M-HC,1
IND2-S4M-LC,IND2-S4M-LC,1
IND2-S4M-MC,IND2-S4M-MC,1
IND2-S4M-PC,IND2-S4M-PC,1
IND2-S5L-LC,IND2-S5L-LC,1
IND2-S5L-PC,IND2-S5L-PC,1
IND2-S5M-LC,IND2-S5M-LC,1
IND2-S5M-PC,IND2-S5M-PC,1
IND2-URML-LC,IND2-URML-LC,1
IND2-URML-PC,IND2-URML-PC,1
IND2-URMM-LC,IND2-URMM-LC,1
IND2-URMM-PC,IND2-URMM-PC,1
IND2-W3-HC,IND2-W2-HC,1
IND2-W3-LC,IND2-W2-LC,1
IND2-W3-MC,IND2-W2-MC,1
IND2-W3-PC,IND2-W2-PC,1
IND3-C2L-HC,IND3-C2L-HC,1
IND3-C2L-LC,IND3-C2L-LC,1
IND3-C2L-MC,IND3-C2L-MC,1
IND3-C2L-PC,IND3-C2L-PC,1
IND3-C2M-HC,IND3-C2M-HC,1
IND3-C2M-LC,IND3-C2M-LC,1
IND3-C2M-MC,IND3-C2M-MC,1
IND3-C2M-PC,IND3-C2M-PC,1
IND3-C3L-LC,IND3-C3L-LC,1
IND3-C3L-PC,IND3-C3L-PC,1
IND3-MH-HC,IND3-MH-HC,1
IND3-MH-LC,IND3-MH-LC,1
IND3-MH-MC,IND3-MH-MC,1
IND3-MH-PC,IND3-MH-PC,1
IND3-PC1-HC,IND3-PC1-HC,1
IND3-PC1-LC,IND3-PC1-LC,1
IND3-PC1-MC,IND3-PC1-MC,1
IND3-PC1-PC,IND3-PC1-PC,1
IND3-RM1L-HC,IND3-RM1L-HC,1
IND3-RM1L-LC,IND3-RM1L-LC,1
IND3-RM1L-MC,IND3-RM1L-MC,1
IND3-RM1L-PC,IND3-RM1L-PC,1
IND3-RM2L-HC,IND3-RM2L-HC,1
IND3-RM2L-LC,IND3-RM2L-LC,1
IND3-RM2L-MC,IND3-RM2L-MC,1
IND3-RM2L-PC,IND3-RM2L-PC,1
IND3-S1L-HC,IND3-S1L-HC,1
IND3-S1L-LC,IND3-S1L-LC,1
IND3-S1L-MC,IND3-S1L-MC,1
IND3-S1L-PC,IND3-S1L-PC,1
IND3-S2L-HC,IND3-S2L-HC,1
IND3-S2L-LC,IND3-S2L-LC,1
IND3-S2L-MC,IND3-S2L-MC,1
IND3-S2L-PC,IND3-S2L-PC,1
IND3-S3-LC,IND3-S3-LC,1
IND3-S3-MC,IND3-S3-MC,1
IND3-S3-PC,IND3-S3-PC,1
IND3-S4M-HC,IND3-S4M-HC,1
IND3-S4M-LC,IND3-S4M-LC,1
IND3-S4M-MC,IND3-S4M-MC,1
IND3-S4M-PC,IND3-S4M-PC,1
IND3-URML-LC,IND3-URML-LC,1
IND3-URML-PC,IND3-URML-PC,1
IND3-URMM-LC,IND3-URMM-LC,1
IND3-URMM-PC,IND3-URMM-PC,1
IND3-W3-HC,IND3-W2-HC,1
IND3-W3-LC,IND3-W2-LC,1
IND3-W3-MC,IND3-W2-MC,1
IND3-W3-PC,IND3-W2-PC,1
IND4-C1L-HC,IND4-C1L-HC,1
IND4-C1L-LC,IND4-C1L-LC,1
IND4-C1L-MC,IND4-C1L-MC,1
IND4-C1L-PC,IND4-C1L-PC,1
IND4-C2L-HC,IND4-C2L-HC,1
IND4-C2L-LC,IND4-C2L-LC,1
IND4-C2L-MC,IND4-C2L-MC,1
IND4-C2L-PC,IND4-C2L-PC,1
IND4-C2M-HC,IND4-C2M-HC,1
IND4-C2M-LC,IND4-C2M-LC,1
IND4-C2M-MC,IND4-C2M-MC,1
IND4-C2M-PC,IND4-C2M-PC,1
IND4-C3L-LC,IND4-C3L-LC,1
IND4-C3L-PC,IND4-C3L-PC,1
IND4-RM1L-HC,IND4-RM1L-HC,1
IND4-RM1L-LC,IND4-RM1L-LC,1
IND4-RM1L-MC,IND4-RM1L-MC,1
IND4-RM1L-PC,IND4-RM1L-PC,1
IND4-RM1M-HC,IND4-RM1M-HC,1
IND4-RM1M-LC,IND4-RM1M-LC,1
IND4-RM1M-MC,IND4-RM1M-MC,1
IND4-RM1M-PC,IND4-RM1M-PC,1
IND4-RM2L-HC,IND4-RM2L-HC,1
IND4-RM2L-LC,IND4-RM2L-LC,1
IND4-RM2L-MC,IND4-RM2L-MC,1
IND4-RM2L-PC,IND4-RM2L-PC,1
IND4-S1L-HC,IND4-S1L-HC,1
IND4-S1L-LC,IND4-S1L-LC,1
IND4-S1L-MC,IND4-S1L-MC,1
IND4-S1L-PC,IND4-S1L-PC,1
IND4-S2L-HC,IND4-S2L-HC,1
IND4-S2L-LC,IND4-S2L-LC,1
IND4-S2L-MC,IND4-S2L-MC,1
IND4-S2L-PC,IND4-S2L-PC,1
IND4-S2M-HC,IND4-S2M-HC,1
IND4-S2M-LC,IND4-S2M-LC,1
IND4-S2M-MC,IND4-S2M-MC,1
IND4-S2M-PC,IND4-S2M-PC,1
IND4-S3-HC,IND4-S3-HC,1
IND4-S3-LC,IND4-S3-LC,1
IND4-S3-MC,IND4-S3-MC,1
IND4-S3-PC,IND4-S3-PC,1
IND4-S4M-HC,IND4-S4M-HC,1
IND4-S4M-LC,IND4-S4M-LC,1
IND4-S4M-MC,IND4-S4M-MC,1
IND4-S4M-PC,IND4-S4M-PC,1
IND4-URML-LC,IND4-URML-LC,1
IND4-URML-PC,IND4-URML-PC,1
IND4-W3-HC,IND4-W2-HC,1
IND4-W3-LC,IND4-W2-LC,1
IND4-W3-MC,IND4-W2-MC,1
IND4-W3-PC,IND4-W2-PC,1
IND5-C2L-HC,IND5-C2L-HC,1
IND5-C2L-LC,IND5-C2L-LC,1
IND5-C2L-MC,IND5-C2L-MC,1
IND5-C2L-PC,IND5-C2L-PC,1
IND5-C2M-MC,IND5-C2M-MC,1
IND5-C2M-PC,IND5-C2M-PC,1
IND5-C3L-LC,IND5-C3L-LC,1
IND5-C3L-PC,IND5-C3L-PC,1
IND5-RM1L-HC,IND5-RM1L-HC,1
IND5-RM1L-LC,IND5-RM1L-LC,1
IND5-RM1L-MC,IND5-RM1L-MC,1
IND5-RM1L-PC,IND5-RM1L-PC,1
IND5-S1L-HC,IND5-S1L-HC,1
IND5-S1L-MC,IND5-S1L-MC,1
IND5-S1L-PC,IND5-S1L-PC,1
IND5-S1M-PC,IND5-S1M-PC,1
IND5-S2L-HC,IND5-S2L-HC,1
IND5-S2L-LC,IND5-S2L-LC,1
IND5-S2L-MC,IND5-S2L-MC,1
IND5-S3-HC,IND5-S3-HC,1
IND5-S3-PC,IND5-S3-PC,1
IND5-S5L-LC,IND5-S5L-LC,1
IND5-S5L-PC,IND5-S5L-PC,1
IND5-URML-LC,IND5-URML-LC,1
IND5-URML-PC,IND5-URML-PC,1
IND5-W3-HC,IND5-W2-HC,1
IND5-W3-LC,IND5-W2-LC,1
IND6-C1M-HC,IND6-C1M-HC,1
IND6-C1M-LC,IND6-C1M-LC,1
IND6-C1M-MC,IND6-C1M-MC,1
IND6-C1M-PC,IND6-C1M-PC,1
IND6-C2L-HC,IND6-C2L-HC,1
IND6-C2L-LC,IND6-C2L-LC,1
IND6-C2L-MC,IND6-C2L-MC,1
IND6-C2L-PC,IND6-C2L-PC,1
IND6-C2M-HC,IND6-C2M-HC,1
IND6-C2M-LC,IND6-C2M-LC,1
IND6-C2M-MC,IND6-C2M-MC,1
IND6-C2M-PC,IND6-C2M-PC,1
IND6-C3L-LC,IND6-C3L-LC,1
IND6-C3L-PC,IND6-C3L-PC,1
IND6-C3M-LC,IND6-C3M-LC,1
IND6-C3M-PC,IND6-C3M-PC,1
IND6-MH-PC,IND6-MH-PC,1
IND6-PC2M-MC,IND6-PC2M-MC,1
IND6-PC2M-PC,IND6-PC2M-PC,1
IND6-RM1L-HC,IND6-RM1L-HC,1
IND6-RM1L-LC,IND6-RM1L-LC,1
IND6-RM1L-MC,IND6-RM1L-MC,1
IND6-RM1L-PC,IND6-RM1L-PC,1
IND6-RM1M-HC,IND6-RM1M-HC,1
IND6-RM1M-LC,IND6-RM1M-LC,1
IND6-RM1M-MC,IND6-RM1M-MC,1
IND6-RM1M-PC,IND6-RM1M-PC,1
IND6-S1L-HC,IND6-S1L-HC,1
IND6-S1L-LC,IND6-S1L-LC,1
IND6-S1L-MC,IND6-S1L-MC,1
IND6-S1L-PC,IND6-S1L-PC,1
IND6-S2L-HC,IND6-S2L-HC,1
IND6-S2L-LC,IND6-S2L-LC,1
IND6-S2L-MC,IND6-S2L-MC,1
IND6-S2L-PC,IND6-S2L-PC,1
IND6-S4L-HC,IND6-S4L-HC,1
IND6-S4L-LC,IND6-S4L-LC,1
IND6-S4L-MC,IND6-S4L-MC,1
IND6-S4L-PC,IND6-S4L-PC,1
IND6-S4M-HC,IND6-S4M-HC,1
IND6-S4M-LC,IND6-S4M-LC,1
IND6-S4M-MC,IND6-S4M-MC,1
IND6-S4M-PC,IND6-S4M-PC,1
IND6-URML-LC,IND6-URML-LC,1
IND6-URML-PC,IND6-URML-PC,1
IND6-URMM-LC,IND6-URMM-LC,1
IND6-URMM-PC,IND6-URMM-PC,1
IND6-W3-HC,IND6-W2-HC,1
IND6-W3-LC,IND6-W2-LC,1
IND6-W3-MC,IND6-W2-MC,1
IND6-W3-PC,IND6-W2-PC,1
REL1-C2L-HC,REL1-C2L-HC,1
REL1-C2L-LC,REL1-C2L-LC,1
REL1-C2L-MC,REL1-C2L-MC,1
REL1-C2L-PC,REL1-C2L-PC,1
REL1-C3L-LC,REL1-C3L-LC,1
REL1-C3L-PC,REL1-C3L-PC,1
REL1-C3M-LC,REL1-C3M-LC,1
REL1-C3M-PC,REL1-C3M-PC,1
REL1-MH-LC,REL1-MH-LC,1
REL1-MH-MC,REL1-MH-MC,1
REL1-MH-PC,REL1-MH-PC,1
REL1-PC1-HC,REL1-PC1-HC,1
REL1-PC1-LC,REL1-PC1-LC,1
REL1-PC1-MC,REL1-PC1-MC,1
REL1-PC1-PC,REL1-PC1-PC,1
REL1-RM1L-HC,REL1-RM1L-HC,1
REL1-RM1L-LC,REL1-RM1L-LC,1
REL1-RM1L-MC,REL1-RM1L-MC,1
REL1-RM1L-PC,REL1-RM1L-PC,1
REL1-RM1M-HC,REL1-RM1M-HC,1
REL1-RM1M-LC,REL1-RM1M-LC,1
REL1-RM1M-MC,REL1-RM1M-MC,1
REL1-RM1M-PC,REL1-RM1M-PC,1
REL1-RM2L-HC,REL1-RM2L-HC,1
REL1-RM2L-LC,REL1-RM2L-LC,1
REL1-RM2L-MC,REL1-RM2L-MC,1
REL1-RM2L-PC,REL1-RM2L-PC,1
REL1-RM2M-HC,REL1-RM2M-HC,1
REL1-RM2M-LC,REL1-RM2M-LC,1
REL1-RM2M-MC,REL1-RM2M-MC,1
REL1-RM2M-PC,REL1-RM2M-PC,1
REL1-S1L-HC,REL1-S1L-HC,1
REL1-S1L-LC,REL1-S1L-LC,1
REL1-S1L-MC,REL1-S1L-MC,1
REL1-S1L-PC,REL1-S1L-PC,1
REL1-S3-HC,REL1-S3-HC,1
REL1-S4L-HC,REL1-S4L-HC,1
REL1-S4L-MC,REL1-S4L-MC,1
REL1-S4L-PC,REL1-S4L-PC,1
REL1-S5L-LC,REL1-S5L-LC,1
REL1-S5L-PC,REL1-S5L-PC,1
REL1-S5M-LC,REL1-S5M-LC,1
REL1-S5M-PC,REL1-S5M-PC,1
REL1-URML-LC,REL1-URML-LC,1
REL1-URML-PC,REL1-URML-PC,1
REL1-URMM-LC,REL1-URMM-LC,1
REL1-URMM-PC,REL1-URMM-PC,1
REL1-W2-HC,REL1-W1-HC,1
REL1-W2-LC,REL1-W1-LC,1
REL1-W2-MC,REL1-W1-MC,1
REL1-W2-PC,REL1-W1-PC,1
RES1-MH-HC,RES1-MH-HC,1
RES1-MH-LC,RES1-MH-LC,1
RES1-MH-MC,RES1-MH-MC,1
RES1-MH-PC,RES1-MH-PC,1
RES1-PC1-HC,RES1-PC1-HC,1
RES1-PC1-LC,RES1-PC1-LC,1
RES1-PC1-MC,RES1-PC1-MC,1
RES1-PC1-PC,RES1-PC1-PC,1
RES1-RM1L-HC,RES1-RM1L-HC,1
RES1-RM1L-LC,RES1-RM1L-LC,1
RES1-RM1L-MC,RES1-RM1L-MC,1
RES1-S3-LC,RES1-S3-LC,1
RES1-S3-MC,RES1-S3-MC,1
RES1-S3-PC,RES1-S3-PC,1
RES1-URML-LC,RES1-URML-LC,1
RES1-URML-PC,RES1-URML-PC,1
RES1-W1-HC,RES1-W1-HC,1
RES1-W1-LC,RES1-W1-LC,1
RES1-W1-MC,RES1-W1-MC,1
RES1-W1-PC,RES1-W1-PC,1
RES1-W4-HC,RES1-W1-HC,1
RES1-W4-LC,RES1-W1-LC,1
RES1-W4-MC,RES1-W1-MC,1
RES1-W4-PC,RES1-W1-PC,1
RES2-MH-HC,RES2-MH-HC,1
RES2-MH-LC,RES2-MH-LC,1
RES2-MH-MC,RES2-MH-MC,1
RES2-MH-PC,RES2-MH-PC,1
RES3A-MH-HC,RES3A-MH-HC,1
RES3A-MH-LC,RES3A-MH-LC,1
RES3A-MH-MC,RES3A-MH-MC,1
RES3A-MH-PC,RES3A-MH-PC,1
RES3A-PC1-LC,RES3A-PC1-LC,1
RES3A-RM1L-HC,RES3A-RM1L-HC,1
RES3A-RM1L-LC,RES3A-RM1L-LC,1
RES3A-RM1L-MC,RES3A-RM1L-MC,1
RES3A-RM1L-PC,RES3A-RM1L-PC,1
RES3A-S1L-HC,RES3A-S1L-HC,1
RES3A-S3-HC,RES3A-S3-HC,1
RES3A-S4L-HC,RES3A-S4L-HC,1
RES3A-S4L-LC,RES3A-S4L-LC,1
RES3A-URML-LC,RES3A-URML-LC,1
RES3A-URML-PC,RES3A-URML-PC,1
RES3A-URMM-LC,RES3A-URMM-LC,1
RES3A-W1-HC,RES3A-W1-HC,1
RES3A-W1-LC,RES3A-W1-LC,1
RES3A-W1-MC,RES3A-W1-MC,1
RES3A-W1-PC,RES3A-W1-PC,1
RES3A-W2-HC,RES3A-W1-HC,1
RES3A-W2-LC,RES3A-W1-LC,1
RES3A-W2-MC,RES3A-W1-MC,1
RES3A-W2-PC,RES3A-W1-PC,1
RES3A-W4-HC,RES3A-W1-HC,1
RES3A-W4-LC,RES3A-W1-LC,1
RES3A-W4-MC,RES3A-W1-MC,1
RES3A-W4-PC,RES3A-W1-PC,1
RES3B-C1L-HC,RES3B-C1L-HC,1
RES3B-C1L-LC,RES3B-C1L-LC,1
RES3B-C1L-MC,RES3B-C1L-MC,1
RES3B-C1L-PC,RES3B-C1L-PC,1
RES3B-C1M-HC,RES3B-C1M-HC,1
RES3B-C1M-LC,RES3B-C1M-LC,1
RES3B-C1M-MC,RES3B-C1M-MC,1
RES3B-C1M-PC,RES3B-C1M-PC,1
RES3B-C2L-HC,RES3B-C2L-HC,1
RES3B-C2L-LC,RES3B-C2L-LC,1
RES3B-C2L-MC,RES3B-C2L-MC,1
RES3B-C2L-PC,RES3B-C2L-PC,1
RES3B-C2M-HC,RES3B-C2M-HC,1
RES3B-C2M-LC,RES3B-C2M-LC,1
RES3B-C2M-MC,RES3B-C2M-MC,1
RES3B-C2M-PC,RES3B-C2M-PC,1
RES3B-MH-HC,RES3B-MH-HC,1
RES3B-MH-LC,RES3B-MH-LC,1
RES3B-MH-MC,RES3B-MH-MC,1
RES3B-MH-PC,RES3B-MH-PC,1
RES3B-RM1L-HC,RES3B-RM1L-HC,1
RES3B-RM1L-LC,RES3B-RM1L-LC,1
RES3B-RM1L-MC,RES3B-RM1L-MC,1
RES3B-RM1L-PC,RES3B-RM1L-PC,1
RES3B-RM2L-HC,RES3B-RM2L-HC,1
RES3B-RM2L-LC,RES3B-RM2L-LC,1
RES3B-RM2L-MC,RES3B-RM2L-MC,1
RES3B-RM2L-PC,RES3B-RM2L-PC,1
RES3B-S2L-HC,RES3B-S2L-HC,1
RES3B-S2L-LC,RES3B-S2L-LC,1
RES3B-S2L-MC,RES3B-S2L-MC,1
RES3B-S2L-PC,RES3B-S2L-PC,1
RES3B-S3-LC,RES3B-S3-LC,1
RES3B-S3-PC,RES3B-S3-PC,1
RES3B-S4L-HC,RES3B-S4L-HC,1
RES3B-S4L-LC,RES3B-S4L-LC,1
RES3B-S4L-MC,RES3B-S4L-MC,1
RES3B-S4L-PC,RES3B-S4L-PC,1
RES3B-S5L-LC,RES3B-S5L-LC,1
RES3B-S5L-PC,RES3B-S5L-PC,1
RES3B-URML-LC,RES3B-URML-LC,1
RES3B-URML-PC,RES3B-URML-PC,1
RES3B-URMM-LC,RES3B-URMM-LC,1
RES3B-URMM-PC,RES3B-URMM-PC,1
RES3B-W1-HC,RES3B-W1-HC,1
RES3B-W1-LC,RES3B-W1-LC,1
RES3B-W1-MC,RES3B-W1-MC,1
RES3B-W2-HC,RES3B-W1-HC,1
RES3B-W2-LC,RES3B-W1-LC,1
RES3B-W2-MC,RES3B-W1-MC,1
RES3B-W2-PC,RES3B-W1-PC,1
RES3B-W4-HC,RES3B-W1-HC,1
RES3B-W4-LC,RES3B-W1-LC,1
RES3B-W4-MC,RES3B-W1-MC,1
RES3B-W4-PC,RES3B-W1-PC,1
RES3C-C1L-HC,RES3C-C1L-HC,1
RES3C-C1L-LC,RES3C-C1L-LC,1
RES3C-C1L-MC,RES3C-C1L-MC,1
RES3C-C1L-PC,RES3C-C1L-PC,1
RES3C-C1M-HC,RES3C-C1M-HC,1
RES3C-C1M-LC,RES3C-C1M-LC,1
RES3C-C1M-MC,RES3C-C1M-MC,1
RES3C-C1M-PC,RES3C-C1M-PC,1
RES3C-C2L-HC,RES3C-C2L-HC,1
RES3C-C2L-LC,RES3C-C2L-LC,1
RES3C-C2L-MC,RES3C-C2L-MC,1
RES3C-C2L-PC,RES3C-C2L-PC,1
RES3C-C2M-HC,RES3C-C2M-HC,1
RES3C-C2M-LC,RES3C-C2M-LC,1
RES3C-C2M-MC,RES3C-C2M-MC,1
RES3C-C2M-PC,RES3C-C2M-PC,1
RES3C-C3L-LC,RES3C-C3L-LC,1
RES3C-C3L-PC,RES3C-C3L-PC,1
RES3C-C3M-LC,RES3C-C3M-LC,1
RES3C-C3M-PC,RES3C-C3M-PC,1
RES3C-MH-HC,RES3C-MH-HC,1
RES3C-MH-LC,RES3C-MH-LC,1
RES3C-MH-MC,RES3C-MH-MC,1
RES3C-MH-PC,RES3C-MH-PC,1
RES3C-RM1L-HC,RES3C-RM1L-HC,1
RES3C-RM1L-LC,RES3C-RM1L-LC,1
RES3C-RM1L-MC,RES3C-RM1L-MC,1
RES3C-RM1L-PC,RES3C-RM1L-PC,1
RES3C-RM1M-HC,RES3C-RM1M-HC,1
RES3C-RM1M-LC,RES3C-RM1M-LC,1
RES3C-RM1M-MC,RES3C-RM1M-MC,1
RES3C-RM1M-PC,RES3C-RM1M-PC,1
RES3C-RM2L-HC,RES3C-RM2L-HC,1
RES3C-RM2L-LC,RES3C-RM2L-LC,1
RES3C-RM2L-MC,RES3C-RM2L-MC,1
RES3C-RM2L-PC,RES3C-RM2L-PC,1
RES3C-S1L-HC,RES3C-S1L-HC,1
RES3C-S1L-LC,RES3C-S1L-LC,1
RES3C-S1L-MC,RES3C-S1L-MC,1
RES3C-S1L-PC,RES3C-S1L-PC,1
RES3C-S1M-HC,RES3C-S1M-HC,1
RES3C-S1M-LC,RES3C-S1M-LC,1
RES3C-S1M-MC,RES3C-S1M-MC,1
RES3C-S1M-PC,RES3C-S1M-PC,1
RES3C-S2L-HC,RES3C-S2L-HC,1
RES3C-S2L-LC,RES3C-S2L-LC,1
RES3C-S2L-MC,RES3C-S2L-MC,1
RES3C-S2L-PC,RES3C-S2L-PC,1
RES3C-S3-HC,RES3C-S3-HC,1
RES3C-S3-LC,RES3C-S3-LC,1
RES3C-S3-MC,RES3C-S3-MC,1
RES3C-S3-PC,RES3C-S3-PC,1
RES3C-S4L-HC,RES3C-S4L-HC,1
RES3C-S4L-LC,RES3C-S4L-LC,1
RES3C-S4L-MC,RES3C-S4L-MC,1
RES3C-S4L-PC,RES3C-S4L-PC,1
RES3C-S4M-HC,RES3C-S4M-HC,1
RES3C-S4M-LC,RES3C-S4M-LC,1
RES3C-S4M-MC,RES3C-S4M-MC,1
RES3C-S4M-PC,RES3C-S4M-PC,1
RES3C-S5L-LC,RES3C-S5L-LC,1
RES3C-S5L-PC,RES3C-S5L-PC,1
RES3C-URML-LC,RES3C-URML-LC,1
RES3C-URML-PC,RES3C-URML-PC,1
RES3C-URMM-LC,RES3C-URMM-LC,1
RES3C-URMM-PC,RES3C-URMM-PC,1
RES3C-W1-HC,RES3C-W1-HC,1
RES3C-W1-LC,RES3C-W1-LC,1
RES3C-W1-MC,RES3C-W1-MC,1
RES3C-W1-PC,RES3C-W1-PC,1
RES3C-W2-HC,RES3C-W1-HC,1
RES3C-W2-LC,RES3C-W1-LC,1
RES3C-W2-MC,RES3C-W1-MC,1
RES3C-W2-PC,RES3C-W1-PC,1
RES3C-W3-LC,RES3C-W2-LC,1
RES3C-W3-MC,RES3C-W2-MC,1
RES3C-W3-PC,RES3C-W2-PC,1
RES3C-W4-HC,RES3C-W1-HC,1
RES3C-W4-LC,RES3C-W1-LC,1
RES3C-W4-MC,RES3C-W1-MC,1
RES3C-W4-PC,RES3C-W1-PC,1
RES3D-C1L-HC,RES3D-C1L-HC,1
RES3D-C1L-LC,RES3D-C1L-LC,1
RES3D-C1L-MC,RES3D-C1L-MC,1
RES3D-C1L-PC,RES3D-C1L-PC,1
RES3D-C1M-HC,RES3D-C1M-HC,1
RES3D-C1M-LC,RES3D-C1M-LC,1
RES3D-C1M-MC,RES3D-C1M-MC,1
RES3D-C1M-PC,RES3D-C1M-PC,1
RES3D-C2L-HC,RES3D-C2L-HC,1
RES3D-C2L-LC,RES3D-C2L-LC,1
RES3D-C2L-MC,RES3D-C2L-MC,1
RES3D-C2L-PC,RES3D-C2L-PC,1
RES3D-C2M-HC,RES3D-C2M-HC,1
RES3D-C2M-LC,RES3D-C2M-LC,1
RES3D-C2M-MC,RES3D-C2M-MC,1
RES3D-C2M-PC,RES3D-C2M-PC,1
RES3D-C3L-LC,RES3D-C3L-LC,1
RES3D-C3L-PC,RES3D-C3L-PC,1
RES3D-C3M-LC,RES3D-C3M-LC,1
RES3D-C3M-PC,RES3D-C3M-PC,1
RES3D-MH-HC,RES3D-MH-HC,1
RES3D-MH-LC,RES3D-MH-LC,1
RES3D-MH-MC,RES3D-MH-MC,1
RES3D-MH-PC,RES3D-MH-PC,1
RES3D-RM1L-HC,RES3D-RM1L-HC,1
RES3D-RM1L-LC,RES3D-RM1L-LC,1
RES3D-RM1L-MC,RES3D-RM1L-MC,1
RES3D-RM1L-PC,RES3D-RM1L-PC,1
RES3D-RM1M-HC,RES3D-RM1M-HC,1
RES3D-RM1M-LC,RES3D-RM1M-LC,1
RES3D-RM1M-MC,RES3D-RM1M-MC,1
RES3D-RM1M-PC,RES3D-RM1M-PC,1
RES3D-S1L-HC,RES3D-S1L-HC,1
RES3D-S1L-LC,RES3D-S1L-LC,1
RES3D-S1L-MC,RES3D-S1L-MC,1
RES3D-S1L-PC,RES3D-S1L-PC,1
RES3D-S2L-HC,RES3D-S2L-HC,1
RES3D-S2L-LC,RES3D-S2L-LC,1
RES3D-S2L-MC,RES3D-S2L-MC,1
RES3D-S2L-PC,RES3D-S2L-PC,1
RES3D-S2M-LC,RES3D-S2M-LC,1
RES3D-S2M-MC,RES3D-S2M-MC,1
RES3D-S2M-PC,RES3D-S2M-PC,1
RES3D-S4L-HC,RES3D-S4L-HC,1
RES3D-S4L-LC,RES3D-S4L-LC,1
RES3D-S4L-MC,RES3D-S4L-MC,1
RES3D-S4L-PC,RES3D-S4L-PC,1
RES3D-S4M-HC,RES3D-S4M-HC,1
RES3D-S4M-LC,RES3D-S4M-LC,1
RES3D-S4M-MC,RES3D-S4M-MC,1
RES3D-S4M-PC,RES3D-S4M-PC,1
RES3D-S5L-LC,RES3D-S5L-LC,1
RES3D-S5L-PC,RES3D-S5L-PC,1
RES3D-URML-LC,RES3D-URML-LC,1
RES3D-URML-PC,RES3D-URML-PC,1
RES3D-URMM-LC,RES3D-URMM-LC,1
RES3D-URMM-PC,RES3D-URMM-PC,1
RES3D-W2-HC,RES3D-W1-HC,1
RES3D-W2-LC,RES3D-W1-LC,1
RES3D-W2-MC,RES3D-W1-MC,1
RES3D-W2-PC,RES3D-W1-PC,1
RES3D-W4-HC,RES3D-W1-HC,1
RES3D-W4-LC,RES3D-W1-LC,1
RES3D-W4-MC,RES3D-W1-MC,1
RES3D-W4-PC,RES3D-W1-PC,1
RES3E-C1H-HC,RES3E-C1H-HC,1
RES3E-C1H-LC,RES3E-C1H-LC,1
RES3E-C1H-MC,RES3E-C1H-MC,1
RES3E-C1H-PC,RES3E-C1H-PC,1
RES3E-C1L-HC,RES3E-C1L-HC,1
RES3E-C1L-LC,RES3E-C1L-LC,1
RES3E-C1L-MC,RES3E-C1L-MC,1
RES3E-C1L-PC,RES3E-C1L-PC,1
RES3E-C1M-HC,RES3E-C1M-HC,1
RES3E-C1M-LC,RES3E-C1M-LC,1
RES3E-C1M-MC,RES3E-C1M-MC,1
RES3E-C1M-PC,RES3E-C1M-PC,1
RES3E-C2H-HC,RES3E-C2H-HC,1
RES3E-C2H-LC,RES3E-C2H-LC,1
RES3E-C2H-MC,RES3E-C2H-MC,1
RES3E-C2H-PC,RES3E-C2H-PC,1
RES3E-C2L-HC,RES3E-C2L-HC,1
RES3E-C2L-LC,RES3E-C2L-LC,1
RES3E-C2L-MC,RES3E-C2L-MC,1
RES3E-C2L-PC,RES3E-C2L-PC,1
RES3E-C2M-HC,RES3E-C2M-HC,1
RES3E-C2M-LC,RES3E-C2M-LC,1
RES3E-C2M-MC,RES3E-C2M-MC,1
RES3E-C2M-PC,RES3E-C2M-PC,1
RES3E-C3L-LC,RES3E-C3L-LC,1
RES3E-C3L-PC,RES3E-C3L-PC,1
RES3E-C3M-LC,RES3E-C3M-LC,1
RES3E-C3M-PC,RES3E-C3M-PC,1
RES3E-MH-HC,RES3E-MH-HC,1
RES3E-MH-LC,RES3E-MH-LC,1
RES3E-MH-MC,RES3E-MH-MC,1
RES3E-MH-PC,RES3E-MH-PC,1
RES3E-RM1L-HC,RES3E-RM1L-HC,1
RES3E-RM1L-LC,RES3E-RM1L-LC,1
RES3E-RM1L-MC,RES3E-RM1L-MC,1
RES3E-RM1L-PC,RES3E-RM1L-PC,1
RES3E-RM1M-HC,RES3E-RM1M-HC,1
RES3E-RM1M-LC,RES3E-RM1M-LC,1
RES3E-RM1M-MC,RES3E-RM1M-MC,1
RES3E-RM1M-PC,RES3E-RM1M-PC,1
RES3E-S1L-LC,RES3E-S1L-LC,1
RES3E-S1L-PC,RES3E-S1L-PC,1
RES3E-S1M-HC,RES3E-S1M-HC,1
RES3E-S1M-LC,RES3E-S1M-LC,1
RES3E-S1M-MC,RES3E-S1M-MC,1
RES3E-S1M-PC,RES3E-S1M-PC,1
RES3E-S2H-HC,RES3E-S2H-HC,1
RES3E-S2H-LC,RES3E-S2H-LC,1
RES3E-S2H-MC,RES3E-S2H-MC,1
RES3E-S2H-PC,RES3E-S2H-PC,1
RES3E-S2L-HC,RES3E-S2L-HC,1
RES3E-S2L-LC,RES3E-S2L-LC,1
RES3E-S2L-MC,RES3E-S2L-MC,1
RES3E-S2L-PC,RES3E-S2L-PC,1
RES3E-S2M-HC,RES3E-S2M-HC,1
RES3E-S2M-LC,RES3E-S2M-LC,1
RES3E-S2M-MC,RES3E-S2M-MC,1
RES3E-S2M-PC,RES3E-S2M-PC,1
RES3E-S4H-LC,RES3E-S4H-LC,1
RES3E-S4H-MC,RES3E-S4H-MC,1
RES3E-S4L-HC,RES3E-S4L-HC,1
RES3E-S4L-LC,RES3E-S4L-LC,1
RES3E-S4L-MC,RES3E-S4L-MC,1
RES3E-S4L-PC,RES3E-S4L-PC,1
RES3E-S4M-HC,RES3E-S4M-HC,1
RES3E-S4M-LC,RES3E-S4M-LC,1
RES3E-S4M-MC,RES3E-S4M-MC,1
RES3E-S4M-PC,RES3E-S4M-PC,1
RES3E-S5M-LC,RES3E-S5M-LC,1
RES3E-S5M-PC,RES3E-S5M-PC,1
RES3E-URML-LC,RES3E-URML-LC,1
RES3E-URML-PC,RES3E-URML-PC,1
RES3E-URMM-LC,RES3E-URMM-LC,1
RES3E-URMM-PC,RES3E-URMM-PC,1
RES3E-W2-HC,RES3E-W1-HC,1
RES3E-W2-LC,RES3E-W1-LC,1
RES3E-W2-MC,RES3E-W1-MC,1
RES3E-W2-PC,RES3E-W1-PC,1
RES3E-W4-HC,RES3E-W1-HC,1
RES3E-W4-LC,RES3E-W1-LC,1
RES3E-W4-MC,RES3E-W1-MC,1
RES3E-W4-PC,RES3E-W1-PC,1
RES3F-C1H-HC,RES3F-C1H-HC,1
RES3F-C1H-LC,RES3F-C1H-LC,1
RES3F-C1H-MC,RES3F-C1H-MC,1
RES3F-C1H-PC,RES3F-C1H-PC,1
RES3F-C1L-HC,RES3F-C1L-HC,1
RES3F-C1L-LC,RES3F-C1L-LC,1
RES3F-C1L-MC,RES3F-C1L-MC,1
RES3F-C1L-PC,RES3F-C1L-PC,1
RES3F-C1M-HC,RES3F-C1M-HC,1
RES3F-C1M-LC,RES3F-C1M-LC,1
RES3F-C1M-MC,RES3F-C1M-MC,1
RES3F-C1M-PC,RES3F-C1M-PC,1
RES3F-C2H-HC,RES3F-C2H-HC,1
RES3F-C2H-LC,RES3F-C2H-LC,1
RES3F-C2H-MC,RES3F-C2H-MC,1
RES3F-C2H-PC,RES3F-C2H-PC,1
RES3F-C2L-HC,RES3F-C2L-HC,1
RES3F-C2L-LC,RES3F-C2L-LC,1
RES3F-C2L-MC,RES3F-C2L-MC,1
RES3F-C2L-PC,RES3F-C2L-PC,1
RES3F-C2M-HC,RES3F-C2M-HC,1
RES3F-C2M-LC,RES3F-C2M-LC,1
RES3F-C2M-MC,RES3F-C2M-MC,1
RES3F-C2M-PC,RES3F-C2M-PC,1
RES3F-C3L-LC,RES3F-C3L-LC,1
RES3F-C3L-PC,RES3F-C3L-PC,1
RES3F-MH-HC,RES3F-MH-HC,1
RES3F-MH-LC,RES3F-MH-LC,1
RES3F-MH-MC,RES3F-MH-MC,1
RES3F-MH-PC,RES3F-MH-PC,1
RES3F-RM1L-HC,RES3F-RM1L-HC,1
RES3F-RM1L-LC,RES3F-RM1L-LC,1
RES3F-RM1L-MC,RES3F-RM1L-MC,1
RES3F-RM1L-PC,RES3F-RM1L-PC,1
RES3F-RM1M-HC,RES3F-RM1M-HC,1
RES3F-RM1M-LC,RES3F-RM1M-LC,1
RES3F-RM1M-MC,RES3F-RM1M-MC,1
RES3F-RM1M-PC,RES3F-RM1M-PC,1
RES3F-S1H-HC,RES3F-S1H-HC,1
RES3F-S1H-LC,RES3F-S1H-LC,1
RES3F-S1H-PC,RES3F-S1H-PC,1
RES3F-S2H-HC,RES3F-S2H-HC,1
RES3F-S2H-LC,RES3F-S2H-LC,1
RES3F-S2H-MC,RES3F-S2H-MC,1
RES3F-S2H-PC,RES3F-S2H-PC,1
RES3F-S2L-HC,RES3F-S2L-HC,1
RES3F-S2L-LC,RES3F-S2L-LC,1
RES3F-S2L-MC,RES3F-S2L-MC,1
RES3F-S2L-PC,RES3F-S2L-PC,1
RES3F-S2M-HC,RES3F-S2M-HC,1
RES3F-S2M-LC,RES3F-S2M-LC,1
RES3F-S2M-MC,RES3F-S2M-MC,1
RES3F-S2M-PC,RES3F-S2M-PC,1
RES3F-S4H-HC,RES3F-S4H-HC,1
RES3F-S4H-LC,RES3F-S4H-LC,1
RES3F-S4H-MC,RES3F-S4H-MC,1
RES3F-S4H-PC,RES3F-S4H-PC,1
RES3F-S4L-HC,RES3F-S4L-HC,1
RES3F-S4M-HC,RES3F-S4M-HC,1
RES3F-S4M-LC,RES3F-S4M-LC,1
RES3F-S4M-MC,RES3F-S4M-MC,1
RES3F-S4M-PC,RES3F-S4M-PC,1
RES3F-S5H-LC,RES3F-S5H-LC,1
RES3F-S5H-PC,RES3F-S5H-PC,1
RES3F-S5M-LC,RES3F-S5M-LC,1
RES3F-S5M-PC,RES3F-S5M-PC,1
RES3F-URML-LC,RES3F-URML-LC,1
RES3F-URML-PC,RES3F-URML-PC,1
RES3F-URMM-LC,RES3F-URMM-LC,1
RES3F-URMM-PC,RES3F-URMM-PC,1
RES3F-W2-HC,RES3F-W1-HC,1
RES3F-W2-LC,RES3F-W1-LC,1
RES3F-W2-MC,RES3F-W1-MC,1
RES3F-W2-PC,RES3F-W1-PC,1
RES3F-W4-HC,RES3F-W1-HC,1
RES3F-W4-LC,RES3F-W1-LC,1
RES3F-W4-MC,RES3F-W1-MC,1
RES3F-W4-PC,RES3F-W1-PC,1
RES4-C1M-HC,RES4-C1M-HC,1
RES4-C1M-LC,RES4-C1M-LC,1
RES4-C1M-MC,RES4-C1M-MC,1
RES4-C1M-PC,RES4-C1M-PC,1
RES4-C2H-HC,RES4-C2H-HC,1
RES4-C2H-LC,RES4-C2H-LC,1
RES4-C2H-MC,RES4-C2H-MC,1
RES4-C2H-PC,RES4-C2H-PC,1
RES4-C2L-HC,RES4-C2L-HC,1
RES4-C2L-LC,RES4-C2L-LC,1
RES4-C2L-MC,RES4-C2L-MC,1
RES4-C2L-PC,RES4-C2L-PC,1
RES4-C2M-HC,RES4-C2M-HC,1
RES4-C2M-LC,RES4-C2M-LC,1
RES4-C2M-MC,RES4-C2M-MC,1
RES4-C2M-PC,RES4-C2M-PC,1
RES4-C3L-LC,RES4-C3L-LC,1
RES4-C3L-PC,RES4-C3L-PC,1
RES4-RM1L-HC,RES4-RM1L-HC,1
RES4-RM1L-LC,RES4-RM1L-LC,1
RES4-RM1L-MC,RES4-RM1L-MC,1
RES4-RM1L-PC,RES4-RM1L-PC,1
RES4-RM1M-HC,RES4-RM1M-HC,1
RES4-RM1M-LC,RES4-RM1M-LC,1
RES4-RM1M-MC,RES4-RM1M-MC,1
RES4-RM1M-PC,RES4-RM1M-PC,1
RES4-URML-LC,RES4-URML-LC,1
RES4-URML-PC,RES4-URML-PC,1
RES4-URMM-LC,RES4-URMM-LC,1
RES4-URMM-PC,RES4-URMM-PC,1
RES4-W3-HC,RES4-W2-HC,1
RES4-W3-LC,RES4-W2-LC,1
RES4-W3-MC,RES4-W2-MC,1
RES4-W3-PC,RES4-W2-PC,1
RES6-C1L-HC,RES6-C1L-HC,1
RES6-C1L-PC,RES6-C1L-PC,1
RES6-C1M-LC,RES6-C1M-LC,1
RES6-C1M-PC,RES6-C1M-PC,1
RES6-C2H-HC,RES6-C2H-HC,1
RES6-C2H-LC,RES6-C2H-LC,1
RES6-C2H-MC,RES6-C2H-MC,1
RES6-C2H-PC,RES6-C2H-PC,1
RES6-C2L-HC,RES6-C2L-HC,1
RES6-C2L-LC,RES6-C2L-LC,1
RES6-C2L-MC,RES6-C2L-MC,1
RES6-C2L-PC,RES6-C2L-PC,1
RES6-C2M-HC,RES6-C2M-HC,1
RES6-C2M-LC,RES6-C2M-LC,1
RES6-C2M-MC,RES6-C2M-MC,1
RES6-C2M-PC,RES6-C2M-PC,1
RES6-MH-LC,RES6-MH-LC,1
RES6-MH-MC,RES6-MH-MC,1
RES6-RM1L-HC,RES6-RM1L-HC,1
RES6-RM1L-LC,RES6-RM1L-LC,1
RES6-RM1L-MC,RES6-RM1L-MC,1
RES6-RM1L-PC,RES6-RM1L-PC,1
RES6-S1M-MC,RES6-S1M-MC,1
RES6-S1M-PC,RES6-S1M-PC,1
RES6-URMM-LC,RES6-URMM-LC,1
RES6-URMM-PC,RES6-URMM-PC,1
RES6-W2-HC,RES6-W1-HC,1
RES6-W2-LC,RES6-W1-LC,1
RES6-W2-MC,RES6-W1-MC,1
RES6-W2-PC,RES6-W1-PC,1
RES6-W3-HC,RES6-W2-HC,1
RES6-W3-LC,RES6-W2-LC,1
RES6-W3-MC,RES6-W2-MC,1
RES6-W3-PC,RES6-W2-PC,1
RES6-W4-HC,RES6-W1-HC,1
RES6-W4-LC,RES6-W1-LC,1
RES6-W4-MC,RES6-W1-MC,1
RES6-W4-PC,RES6-W1-PC,1