<?xml version="1.0" encoding="UTF-8"?>

<nrml xmlns:gml="http://www.opengis.net/gml"
      xmlns="http://openquake.org/xmlns/nrml/0.4">
    <logicTree logicTreeID="lt1">
        <logicTreeBranchingLevel branchingLevelID="bl1">
            <logicTreeBranchSet uncertaintyType="gmpeModel" branchSetID="bs1"
                                applyToTectonicRegionType="Stable Shallow Crust">
                <logicTreeBranch branchID="b11">
                    <uncertaintyModel submodel='01'>CanadaSHM6_StableCrust_NGAEast</uncertaintyModel>
                    <uncertaintyWeight>0.07755</uncertaintyWeight>
                </logicTreeBranch>
                
                <logicTreeBranch branchID="b12">
                    <uncertaintyModel submodel='02'>CanadaSHM6_StableCrust_NGAEast</uncertaintyModel>
                    <uncertaintyWeight>0.0376</uncertaintyWeight>
                </logicTreeBranch>
                
                <logicTreeBranch branchID="b13">
                    <uncertaintyModel submodel='03'>CanadaSHM6_StableCrust_NGAEast</uncertaintyModel>
                    <uncertaintyWeight>0.0473</uncertaintyWeight>
                </logicTreeBranch>

                <logicTreeBranch branchID="b14">
                    <uncertaintyModel submodel='04'>CanadaSHM6_StableCrust_NGAEast</uncertaintyModel>
                    <uncertaintyWeight>0.0404</uncertaintyWeight>
                </logicTreeBranch>
                
                <logicTreeBranch branchID="b15">
                    <uncertaintyModel submodel='05'>CanadaSHM6_StableCrust_NGAEast</uncertaintyModel>
                    <uncertaintyWeight>0.04505</uncertaintyWeight>
                </logicTreeBranch>
                
                <logicTreeBranch branchID="b16">
                    <uncertaintyModel submodel='06'>CanadaSHM6_StableCrust_NGAEast</uncertaintyModel>
                    <uncertaintyWeight>0.0233</uncertaintyWeight>
                </logicTreeBranch>

                <logicTreeBranch branchID="b17">
                    <uncertaintyModel submodel='07'>CanadaSHM6_StableCrust_NGAEast</uncertaintyModel>
                    <uncertaintyWeight>0.0225</uncertaintyWeight>
                </logicTreeBranch>
                
                <logicTreeBranch branchID="b18">
                    <uncertaintyModel submodel='08'>CanadaSHM6_StableCrust_NGAEast</uncertaintyModel>
                    <uncertaintyWeight>0.0362</uncertaintyWeight>
                </logicTreeBranch>
                
                <logicTreeBranch branchID="b19">
                    <uncertaintyModel submodel='09'>CanadaSHM6_StableCrust_NGAEast</uncertaintyModel>
                    <uncertaintyWeight>0.04255</uncertaintyWeight>
                </logicTreeBranch>

                <logicTreeBranch branchID="b110">
                    <uncertaintyModel submodel='10'>CanadaSHM6_StableCrust_NGAEast</uncertaintyModel>
                    <uncertaintyWeight>0.0235</uncertaintyWeight>
                </logicTreeBranch>
                
                <logicTreeBranch branchID="b111">
                    <uncertaintyModel submodel='11'>CanadaSHM6_StableCrust_NGAEast</uncertaintyModel>
                    <uncertaintyWeight>0.0253</uncertaintyWeight>
                </logicTreeBranch>
                
                <logicTreeBranch branchID="b112">
                    <uncertaintyModel submodel='12'>CanadaSHM6_StableCrust_NGAEast</uncertaintyModel>
                    <uncertaintyWeight>0.0428</uncertaintyWeight>
                </logicTreeBranch>

                <logicTreeBranch branchID="b113">
                    <uncertaintyModel submodel='13'>CanadaSHM6_StableCrust_NGAEast</uncertaintyModel>
                    <uncertaintyWeight>0.03595</uncertaintyWeight>
                </logicTreeBranch>

                <logicTreeBranch branchID="b114">
                    <uncertaintyModel submodel='high'>CanadaSHM6_StableCrust_AA13</uncertaintyModel>
                    <uncertaintyWeight>0.15</uncertaintyWeight>
                </logicTreeBranch>

                <logicTreeBranch branchID="b115">
                    <uncertaintyModel submodel='central'>CanadaSHM6_StableCrust_AA13</uncertaintyModel>
                    <uncertaintyWeight>0.25</uncertaintyWeight>
                </logicTreeBranch>

                <logicTreeBranch branchID="b116">
                    <uncertaintyModel submodel='low'>CanadaSHM6_StableCrust_AA13</uncertaintyModel>
                    <uncertaintyWeight>0.10</uncertaintyWeight>
                </logicTreeBranch>

            </logicTreeBranchSet>
        </logicTreeBranchingLevel>
        
         <logicTreeBranchingLevel branchingLevelID="bl2">
            <logicTreeBranchSet uncertaintyType="gmpeModel" branchSetID="bs2"
                                applyToTectonicRegionType="Active Shallow Crust">           


                <logicTreeBranch branchID="b22">
                    <uncertaintyModel>CanadaSHM6_ActiveCrust_AbrahamsonEtAl2014</uncertaintyModel>
                    <uncertaintyWeight>0.25</uncertaintyWeight>
                </logicTreeBranch>
                
                <logicTreeBranch branchID="b21">
                    <uncertaintyModel>CanadaSHM6_ActiveCrust_BooreEtAl2014</uncertaintyModel>
                    <uncertaintyWeight>0.25</uncertaintyWeight>
                </logicTreeBranch>

                <logicTreeBranch branchID="b23">
                    <uncertaintyModel>CanadaSHM6_ActiveCrust_CampbellBozorgnia2014</uncertaintyModel>
                    <uncertaintyWeight>0.25</uncertaintyWeight>
                </logicTreeBranch>
                
                <logicTreeBranch branchID="b24">
                    <uncertaintyModel>CanadaSHM6_ActiveCrust_ChiouYoungs2014</uncertaintyModel>
                    <uncertaintyWeight>0.25</uncertaintyWeight>
                </logicTreeBranch>

            </logicTreeBranchSet>
        </logicTreeBranchingLevel>

        <logicTreeBranchingLevel branchingLevelID="bl3">
            <logicTreeBranchSet uncertaintyType="gmpeModel" branchSetID="bs3"
                                applyToTectonicRegionType="Subduction Interface">
               
                <logicTreeBranch branchID="b31">
                    <uncertaintyModel>CanadaSHM6_Interface_AbrahamsonEtAl2015SInter</uncertaintyModel>
                    <uncertaintyWeight>0.25</uncertaintyWeight>
                </logicTreeBranch>
              
                <logicTreeBranch branchID="b32">
                    <uncertaintyModel>CanadaSHM6_Interface_AtkinsonMacias2009</uncertaintyModel>
                    <uncertaintyWeight>0.25</uncertaintyWeight>
                </logicTreeBranch>
                 
                <logicTreeBranch branchID="b33">
                    <uncertaintyModel>CanadaSHM6_Interface_GhofraniAtkinson2014Cascadia</uncertaintyModel>
                    <uncertaintyWeight>0.25</uncertaintyWeight>
                </logicTreeBranch>
 
                <logicTreeBranch branchID="b34">
                    <uncertaintyModel>CanadaSHM6_Interface_ZhaoEtAl2006SInterCascadia</uncertaintyModel>
                    <uncertaintyWeight>0.25</uncertaintyWeight>
                </logicTreeBranch>
                
            </logicTreeBranchSet>
        </logicTreeBranchingLevel>
        
        
        <logicTreeBranchingLevel branchingLevelID="bl4">
            <logicTreeBranchSet uncertaintyType="gmpeModel" branchSetID="bs4"
                                applyToTectonicRegionType="Subduction IntraSlab30">
                
                <logicTreeBranch branchID="b41">
                    <uncertaintyModel>CanadaSHM6_InSlab_AbrahamsonEtAl2015SSlab30</uncertaintyModel>
                    <uncertaintyWeight>0.25</uncertaintyWeight>
                </logicTreeBranch>
                
                <logicTreeBranch branchID="b42">
                    <uncertaintyModel>CanadaSHM6_InSlab_AtkinsonBoore2003SSlabCascadia30</uncertaintyModel>
                    <uncertaintyWeight>0.25</uncertaintyWeight>
                </logicTreeBranch>
                
                <logicTreeBranch branchID="b43">
                    <uncertaintyModel>CanadaSHM6_InSlab_GarciaEtAl2005SSlab30</uncertaintyModel>
                    <uncertaintyWeight>0.25</uncertaintyWeight>
                </logicTreeBranch>

                <logicTreeBranch branchID="b44">
                    <uncertaintyModel>CanadaSHM6_InSlab_ZhaoEtAl2006SSlabCascadia30</uncertaintyModel>
                    <uncertaintyWeight>0.25</uncertaintyWeight>
                </logicTreeBranch>
                
             </logicTreeBranchSet>
        </logicTreeBranchingLevel>
                   
        <logicTreeBranchingLevel branchingLevelID="bl5">
            <logicTreeBranchSet uncertaintyType="gmpeModel" branchSetID="bs5"
                                applyToTectonicRegionType="Subduction IntraSlab55">
                
                <logicTreeBranch branchID="b41">
                    <uncertaintyModel>CanadaSHM6_InSlab_AbrahamsonEtAl2015SSlab55</uncertaintyModel>
                    <uncertaintyWeight>0.25</uncertaintyWeight>
                </logicTreeBranch>
                
                <logicTreeBranch branchID="b42">
                    <uncertaintyModel>CanadaSHM6_InSlab_AtkinsonBoore2003SSlabCascadia55</uncertaintyModel>
                    <uncertaintyWeight>0.25</uncertaintyWeight>
                </logicTreeBranch>
                
                <logicTreeBranch branchID="b43">
                    <uncertaintyModel>CanadaSHM6_InSlab_GarciaEtAl2005SSlab55</uncertaintyModel>
                    <uncertaintyWeight>0.25</uncertaintyWeight>
                </logicTreeBranch>

                <logicTreeBranch branchID="b44">
                    <uncertaintyModel>CanadaSHM6_InSlab_ZhaoEtAl2006SSlabCascadia55</uncertaintyModel>
                    <uncertaintyWeight>0.25</uncertaintyWeight>
                </logicTreeBranch>

            </logicTreeBranchSet>
        </logicTreeBranchingLevel>
 
                
    </logicTree>
</nrml>
